Institutional Family,Indicator,Indicator Description,Data Source,Country Coverage,Year Coverage,Flag Continuity,Flag Country Coverage,Flag Year Coverage,Year Range,Percentage of Complete Records,Percentage of Complete Records in Last Five Years,Mean,Median,Standard Deviation,Minimum,Maximum
Climate Change and Environment Institutions,bs_bti_q12_1,Environmental policy,Bertelsmann Transformation Index,137,9,1,1,1,2006-2022,16%,37%,4.7,5,1.86,1,10
Public Human Resource Management Institutions,bs_bti_q15_1,Efficient use of assets,Bertelsmann Transformation Index,137,9,1,1,1,2006-2022,16%,37%,4.69,5,1.85,1,10
Social Institutions,bs_bti_q1_2,State identity,Bertelsmann Transformation Index,137,9,1,1,1,2006-2022,16%,37%,7.84,8,1.71,2,10
Political Institutions,bs_bti_q2_1,Free and fair elections,Bertelsmann Transformation Index,137,9,1,1,1,2006-2022,16%,37%,5.9,6,2.87,1,10
Social Institutions,bs_bti_q2_3,Association and assembly rights,Bertelsmann Transformation Index,137,9,1,1,1,2006-2022,16%,37%,6.18,6,2.71,1,10
Political Institutions,bs_bti_q3_1,Separation of powers,Bertelsmann Transformation Index,137,9,1,1,1,2006-2022,16%,37%,5.15,5,2.64,1,10
Justice Institutions,bs_bti_q3_2,Independent judiciary,Bertelsmann Transformation Index,137,9,1,1,1,2006-2022,16%,37%,5.04,5,2.31,1,10
Business Environment and Trade Institutions,bs_bti_q7_2,Competition Policy,Bertelsmann Transformation Index,137,9,1,1,1,2006-2022,16%,37%,5.36,5,2.32,1,10
Public Financial Management Institutions,bs_bti_q8_1,Monetary stability,Bertelsmann Transformation Index,137,9,1,1,1,2006-2022,16%,37%,7.07,8,2.17,1,10
Public Financial Management Institutions,bs_bti_q8_2,Fiscal stability,Bertelsmann Transformation Index,137,9,1,1,1,2006-2022,16%,37%,6.49,7,2.04,1,10
Political Institutions,bs_bti_si,Democracy Status,Bertelsmann Transformation Index,137,9,1,1,1,2006-2022,16%,37%,5.66,5.75,2.09,1.27,9.95
Transparency and Accountability Institutions,bs_sgi_195,Independent Supervisory Bodies,Sustainable Governance Indicators,41,8,1,0,1,2014-2022,5%,15%,7.32,8,1.99,2.5,10
Transparency and Accountability Institutions,bs_sgi_196,Audit Office,Sustainable Governance Indicators,41,8,1,0,1,2014-2022,5%,15%,7.83,8,1.97,2,10
Social Institutions,fh_fiw_cl_rating,Civil Liberties,Freedom House,197,33,1,1,1,1990-2022,87%,90%,3.43,3,1.88,1,7
Political Institutions,fh_fiw_pr_rating,Political Rights,Freedom House,197,33,1,1,1,1990-2022,87%,90%,3.47,3,2.2,1,7
Financial Institutions,fraser_efw_capital_controls,Capital controls,International Monetary Fund,165,23,1,1,1,1990-2020,46%,45%,3.7,3.08,3.01,0,10
Financial Institutions,fraser_efw_credit_market_regulations,Credit market regulations,Fraser Institute,164,23,1,1,1,1990-2020,46%,45%,8.03,8.33,1.68,0,10
Business Environment and Trade Institutions,fraser_efw_freedom_of_foreigners_to_visit,Freedom of foreigners to visit,"Fraser Institute, Lawson and Lemke (2012)",165,16,1,1,1,2005-2020,34%,45%,5.15,6.31,3.61,0,10
Financial Institutions,fraser_efw_freedom_to_own_foreign_currency_bank_accounts,"Freedom, foreign bank accounts",Fraser Institute,165,23,1,1,1,1990-2020,46%,45%,6.5,10,4.18,0,10
Business Environment and Trade Institutions,heritage_business_freedom,Business freedom,Heritage Index of Economic Freedom,186,11,1,1,1,2012-2022,28%,84%,63.37,64,16.29,0,100
Financial Institutions,heritage_financial_freedom,Financial freedom,Heritage Index of Economic Freedom,184,11,1,1,1,2012-2022,28%,82%,48.66,50,19.19,0,90
Business Environment and Trade Institutions,heritage_investment_freedom,Investment freedom,Heritage Index of Economic Freedom,184,11,1,1,1,2012-2022,28%,83%,56.06,60,22.81,0,95
Justice Institutions,idea_gsod_v_21_05,Fair trial,Global State of Democracy,173,33,1,1,1,1990-2022,78%,79%,0.44,0.33,0.32,0,1
Social Institutions,idea_gsod_v_22_08,Freedom of speech and press,Global State of Democracy,71,12,1,0,1,2011-2022,10%,31%,0.5,0.51,0.23,0,1
Labor market Institutions,idea_gsod_v_22_16,Workers' rights Index,Global State of Democracy,173,33,1,1,1,1990-2022,78%,79%,0.67,0.74,0.24,0,1
Labor market Institutions,oecd_epl_regular,"Employment protection, regular",OECD,42,7,1,0,1,2013-2019,4%,8%,2.24,2.340628147,0.49,0.849206388,3.103652954
Labor market Institutions,oecd_epl_temporary,"Employment protection, temp.",OECD,37,7,1,0,1,2013-2019,4%,7%,1.79,1.768725276,0.74,0.27078706,3.722098112
SOE Corporate Governance,oecd_pmr_2018_1_1,Scope of state-owned enterprises,OECD Product Market Regulation Database,49,1,1,0,0,2018-2018,1%,4%,3.14,2.958333254,1.1,1.125,5.875
SOE Corporate Governance,oecd_pmr_2018_1_2,Government involvement in network sectors,OECD Product Market Regulation Database,49,1,1,0,0,2018-2018,1%,4%,2.49,2.650374889,1.13,0,5.023333549
SOE Corporate Governance,oecd_pmr_2018_1_3,Direct control over business enterprises,OECD Product Market Regulation Database,49,1,1,0,0,2018-2018,1%,4%,1.42,1.287037015,0.92,0.314814806,5.555555344
SOE Corporate Governance,oecd_pmr_2018_1_4,Governance of state-owned enterprises,OECD Product Market Regulation Database,49,1,1,0,0,2018-2018,1%,4%,2.43,2.25,0.94,0,4.650000095
SOE Corporate Governance,oecd_pmr_2018_2_1,Price controls,OECD Product Market Regulation Database,49,1,1,0,0,2018-2018,1%,4%,1.21,1.155555606,0.8,0,4.051851749
SOE Corporate Governance,oecd_pmr_2018_2_2,Use of command and control regulation,OECD Product Market Regulation Database,49,1,1,0,0,2018-2018,1%,4%,1.25,1.233870983,0.48,0.395312488,2.702020168
Business Environment and Trade Institutions,oecd_pmr_2018_3_3,Complexity of regulatory procedures,OECD Product Market Regulation Database,49,1,1,0,0,2018-2018,1%,4%,1.12,0.900000036,1,0,4.5
Business Environment and Trade Institutions,oecd_pmr_2018_6,Explicit barriers to trade and investment,OECD Product Market Regulation Database,49,1,1,0,0,2018-2018,1%,4%,0.79,0.634130776,0.49,0.255693257,2.025926352
Climate Change and Environment Institutions,rise_ee_1,National energy efficiency planning,RISE,140,12,1,1,1,2010-2021,23%,51%,43.86,41.11111069,34.97,0,100
Climate Change and Environment Institutions,rise_ee_2,Energy efficiency entities,RISE,140,12,1,1,1,2010-2021,23%,51%,50.88,58.33333206,36.64,0,100
Climate Change and Environment Institutions,rise_ee_3,Incentives and mandates: Industrial and Commercial End users,RISE,140,12,1,1,1,2010-2021,23%,51%,34.59,25,33.72,0,100
Climate Change and Environment Institutions,rise_ee_4,Incentives and mandates: Public sector,RISE,140,12,1,1,1,2010-2021,23%,51%,31.35,25,33.08,0,100
Public Financial Management Institutions,rise_ee_4_3,Public procurement of energy efficiency products,RISE,140,12,1,1,1,2010-2021,23%,51%,37.8,0,43.13,0,100
Climate Change and Environment Institutions,rise_ee_5,Incentives and mandates: Energy Utility Programs,RISE,140,12,1,1,1,2010-2021,23%,51%,29.09,22.5,22.2,0,95.83333588
Climate Change and Environment Institutions,rise_ee_6,Financing mechanisms for energy efficiency,RISE,140,12,1,1,1,2010-2021,23%,51%,16.75,13.33333302,17.66,0,75
Climate Change and Environment Institutions,rise_ee_7,Minimum energy efficiency performance standards,RISE,140,12,1,1,1,2010-2021,23%,51%,33.94,27.77777863,34.11,0,100
Climate Change and Environment Institutions,rise_ee_8,Energy labeling systems,RISE,140,12,1,1,1,2010-2021,23%,51%,32.59,25,34.63,0,100
Climate Change and Environment Institutions,rise_ee_9,Building Energy Codes,RISE,140,12,1,1,1,2010-2021,23%,51%,24.76,12.33333349,27.61,0,89.59999847
Climate Change and Environment Institutions,rise_re_1,Legal framework for renewable energy,RISE,140,12,1,1,1,2010-2021,23%,51%,48.66,60,30.71,0,100
Climate Change and Environment Institutions,rise_re_2,Planning for renewable energy expansion,RISE,140,12,1,1,1,2010-2021,23%,51%,42.78,41.66666794,30.8,0,100
Climate Change and Environment Institutions,rise_re_3,Incentives and regulatory support for renewable energy,RISE,140,12,1,1,1,2010-2021,23%,51%,31.51,25,27.44,0,95
Climate Change and Environment Institutions,rise_re_4,Attributes of financial and regulatory incentives,RISE,140,12,1,1,1,2010-2021,23%,51%,30.51,20,29.29,0,100
Climate Change and Environment Institutions,rise_re_7,Carbon Pricing and Monitoring,RISE,140,12,1,1,1,2010-2021,23%,51%,32.26,0,42.05,0,100
Financial Institutions,romelli_cbi_central_bank_independence,Central bank independence,Romelli (2022),153,28,1,1,1,1990-2017,57%,0%,0.59,0.5605,0.25,0.0405,0.987
Social Institutions,rwb_pfi_index,Press Freedom Index,Press Freedom Index,178,20,1,1,1,2002-2022,47%,82%,48.14,53.13,27.76,-10,142
Digital and Data Institutions,spi_census_and_survey_index,Censuses and Surveys,SPI,190,16,1,1,1,2004-2019,42%,35%,0.52,0.534,0.26,0,1
Digital and Data Institutions,spi_std_and_methods,Standards and Methods,SPI,190,4,1,1,1,2016-2019,10%,35%,0.49,0.4,0.29,0,1
Social Institutions,vdem_core_v2caassemb,Freedom of peaceful assembly,"V-Dem, Variety of Democracy database",176,33,1,1,1,1990-2022,80%,80%,0.8,1.032,1.58,-3.341,3.39
Social Institutions,vdem_core_v2clacfree,Freedom of academic and cultural expression,"V-Dem, Variety of Democracy database",176,33,1,1,1,1990-2022,80%,81%,0.94,1.202,1.54,-3.238,3.73
Justice Institutions,vdem_core_v2clacjstm,Access to justice for men,"V-Dem, Variety of Democracy database",176,33,1,1,1,1990-2022,80%,81%,0.86,0.842,1.37,-2.912,3.849
Justice Institutions,vdem_core_v2clacjstw,Access to justice for women,"V-Dem, Variety of Democracy database",176,33,1,1,1,1990-2022,80%,81%,0.83,0.843,1.34,-2.822,3.932
Social Institutions,vdem_core_v2cldiscm,Freedom of discussion for men,"V-Dem, Variety of Democracy database",176,33,1,1,1,1990-2022,80%,81%,0.95,1.193,1.51,-3.323,3.609
Social Institutions,vdem_core_v2cldiscw,Freedom of discussion for women,"V-Dem, Variety of Democracy database",176,33,1,1,1,1990-2022,80%,81%,0.89,1.107,1.42,-3.454,3.655
Public Human Resource Management Institutions,vdem_core_v2clrspct,Rigorous and impartial public administration,"V-Dem, Variety of Democracy database",176,33,1,1,1,1990-2022,80%,81%,0.43,0.253,1.49,-3.617,4.046
Social Institutions,vdem_core_v2cseeorgs,CSO entry and exit,"V-Dem, Variety of Democracy database",176,33,1,1,1,1990-2022,80%,81%,0.99,1.346,1.45,-3.28,3.698
Social Institutions,vdem_core_v2csreprss,CSO repression,"V-Dem, Variety of Democracy database",176,33,1,1,1,1990-2022,80%,81%,0.93,1.165,1.5,-3.759,3.324
Social Institutions,vdem_core_v2dlengage,Engaged society,"V-Dem, Variety of Democracy database",176,33,1,1,1,1990-2022,80%,81%,0.83,1.005,1.25,-3.065,3.564
Anticorruption Institutions,vdem_core_v2exbribe,Executive bribery and corrupt exchanges,"V-Dem, Variety of Democracy database",176,33,1,1,1,1990-2022,80%,81%,-0.04,-0.326,1.54,-2.943,3.863
Justice Institutions,vdem_core_v2juaccnt,Judicial accountability,"V-Dem, Variety of Democracy database",176,33,1,1,1,1990-2022,80%,81%,0.59,0.596,1.19,-2.764,3.804
Justice Institutions,vdem_core_v2juhcind,High court independence,"V-Dem, Variety of Democracy database",176,33,1,1,1,1990-2022,80%,81%,0.34,0.547,1.43,-3.421,3.474
Justice Institutions,vdem_core_v2juncind,Lower court independence,"V-Dem, Variety of Democracy database",176,33,1,1,1,1990-2022,80%,81%,0.49,0.675,1.37,-3.369,3.234
Political Institutions,vdem_core_v2lgqugen,Lower chamber gender quota,"V-Dem, Variety of Democracy database",173,33,1,1,1,1990-2022,79%,79%,0.67,0,1.3,0,4
Service Delivery Institutions,vdem_core_v2peapsecon,Access to public services distributed by socio-economic position,"V-Dem, Variety of Democracy database",176,33,1,1,1,1990-2022,80%,80%,0.5,0.406,1.42,-2.93,3.64
Service Delivery Institutions,vdem_core_v2peapsgen,Access to public services distributed by gender,"V-Dem, Variety of Democracy database",176,33,1,1,1,1990-2022,80%,80%,0.75,0.613,1.33,-3.417,3.164
Service Delivery Institutions,vdem_core_v2peapspol,Access to public services distributed by political group,"V-Dem, Variety of Democracy database",176,33,1,1,1,1990-2022,80%,80%,1,1.147,1.27,-2.84,3.17
Public Human Resource Management Institutions,vdem_core_v2peasjgen,Access to state jobs by gender,"V-Dem, Variety of Democracy database",176,33,1,1,1,1990-2022,80%,80%,1.24,1.153,1.15,-2.831,3.494
Public Human Resource Management Institutions,vdem_core_v2peasjpol,Access to state jobs by political group,"V-Dem, Variety of Democracy database",176,33,1,1,1,1990-2022,80%,80%,0.67,0.64,1.44,-2.711,3.619
Public Human Resource Management Institutions,vdem_core_v2peasjsoecon,Access to state jobs by socio-economic position,"V-Dem, Variety of Democracy database",176,33,1,1,1,1990-2022,80%,80%,0.85,0.8905,1.24,-2.447,3.405
Political Institutions,vdem_core_v2pepwrgen,Power distributed by gender,"V-Dem, Variety of Democracy database",176,33,1,1,1,1990-2022,80%,81%,0.87,0.942,1.08,-2.801,3.69
Political Institutions,vdem_core_v2pepwrses,Power distributed by socio-economic position,"V-Dem, Variety of Democracy database",176,33,1,1,1,1990-2022,80%,81%,0.46,0.639,1.02,-2.84,3.042
Political Institutions,vdem_core_v2pepwrsoc,Power distributed by social group,"V-Dem, Variety of Democracy database",176,33,1,1,1,1990-2022,80%,81%,0.77,0.91,1.15,-2.706,3.321
Public Human Resource Management Institutions,vdem_core_v2stcritrecadm,Criteria for appointment decisions in the state administration,"V-Dem, Variety of Democracy database",176,33,1,1,1,1990-2022,78%,81%,0.45,0.421,1.09,-2.899,3.474
Social Institutions,vdem_core_v2x_civlib,Civil liberties index,"V-Dem, Variety of Democracy database",176,33,1,1,1,1990-2022,80%,81%,0.68,0.751,0.26,0.015,0.977
Anticorruption Institutions,vdem_core_v2x_corr,Political Corruption,"V-Dem, Variety of Democracy database",176,33,1,1,1,1990-2022,80%,81%,0.51,0.549,0.3,0.002,0.971
Social Institutions,vdem_core_v2x_cspart,Civil society participation,"V-Dem, Variety of Democracy database",176,33,1,1,1,1990-2022,80%,81%,0.65,0.71,0.25,0.023,0.989
Political Institutions,vdem_core_v2x_gender,Women political empowerment index,"V-Dem, Variety of Democracy database",176,33,1,1,1,1990-2022,79%,81%,0.69,0.738,0.2,0.035,0.965
Justice Institutions,vdem_core_v2xcl_acjst,Access to justice,"V-Dem, Variety of Democracy database",176,33,1,1,1,1990-2022,80%,81%,0.64,0.689,0.27,0.019,0.997
Business Environment and Trade Institutions,vdem_core_v2xcl_prpty,Property rights,"V-Dem, Variety of Democracy database",176,33,1,1,1,1990-2022,80%,81%,0.7,0.759,0.23,0.004,0.97
Political Institutions,vdem_core_v2xlg_legcon,Legislative constraints on the executive index,"V-Dem, Variety of Democracy database",176,33,1,1,1,1990-2022,79%,80%,0.58,0.668,0.3,0.024,0.989
Service Delivery Institutions,wb_aspire_adequacy_benefits,Adequacy of Social Protection benefits,ASPIRE,121,22,1,0,1,1998-2019,6%,4%,27.92,25.09745884,41.04,0.455201328,811.5479126
Service Delivery Institutions,wb_aspire_coverage,Social Protection Coverage,ASPIRE,125,22,1,0,1,1998-2019,6%,4%,49.57,53.20814323,25.4,0.514473617,99.89907837
Anticorruption Institutions,wb_enterprisesurveys_ic_frm_corr_corr11,Firms identifying corruption as a major constraint,Enterprise Surveys,146,15,1,0,1,2006-2020,4%,5%,33.6,31.55,20.49,0,97.4
Justice Institutions,wb_enterprisesurveys_ic_frm_corr_crime9,Firms identifying the courts system as a major constraint,Enterprise Surveys,146,15,1,0,1,2006-2020,4%,5%,15.44,11.9,12.11,0,51.5
Service Delivery Institutions,wb_enterprisesurveys_ic_frm_infra_in12,Percent of firms identifying electricity as a major constraint,Enterprise Surveys,145,15,1,0,1,2006-2020,4%,5%,34.46,31,19.86,0.2,88.4
Financial Institutions,wb_enterprisesurveys_ic_frm_obs_obst1,Firms identifying access to finance as a major constraint,Enterprise Surveys,146,15,1,0,1,2006-2020,4%,5%,15.37,12.95,10.6,0,54
Business Environment and Trade Institutions,wb_enterprisesurveys_ic_frm_reg_bus5,Firms identifying business licensing and permits as a major constraint,Enterprise Surveys,146,15,1,0,1,2006-2020,4%,5%,13.93,11.35,9.91,0,48.9
Public Financial Management Institutions,wb_enterprisesurveys_ic_frm_reg_reg5,Firms identifying tax administration as a major constraint,Enterprise Surveys,145,15,1,0,1,2006-2020,4%,5%,21.47,19.7,13.92,0.4,71.5
Business Environment and Trade Institutions,wb_enterprisesurveys_ic_frm_trd_tr9,Firms identifying customs and trade regulations as a major constraint,Enterprise Surveys,146,15,1,0,1,2006-2020,4%,5%,16.1,13.35,11.15,0.4,58.4
Labor market Institutions,wb_enterprisesurveys_ic_frm_wrkf_wk9,Firms identifying labor regulations as a major constraint,Enterprise Surveys,145,15,1,0,1,2006-2020,4%,5%,10.58,8.2,9.42,0.2,63.2
(other indicators),wb_girg_6,Regulatory governance,"World Bank, Global Indicators of Regulatory Governance database",186,1,1,1,0,2018-2018,3%,17%,2.48,2.25,1.58,0,5
Digital and Data Institutions,wb_gtmi_cgsi,Core Government Systems Index (CGSI),GTMI,198,2,1,1,1,2020-2022,6%,36%,0.53,0.52,0.24,0,0.99
Digital and Data Institutions,wb_gtmi_gtei,GovTech Enablers Index (GTEI),GTMI,198,2,1,1,1,2020-2022,6%,36%,0.53,0.55,0.28,0.04,1
Public Financial Management Institutions,wb_gtmi_i_13,Is there a Debt Management System (DMS) in place? (foreign and domestic debt),GTMI,198,1,1,1,0,2022-2022,3%,18%,5.56,6,1.52,0,6
Public Financial Management Institutions,wb_gtmi_i_14,Is there a Public Investment Management System (PIMS) in place?,GTMI,198,1,1,1,0,2022-2022,3%,18%,3.3,0,4.24,0,9
Public Financial Management Institutions,wb_gtmi_i_5,Is there an operational FMIS in place to support core PFM functions?,GTMI,198,1,1,1,0,2022-2022,3%,18%,5.79,6,0.98,0,6
Public Financial Management Institutions,wb_gtmi_i_6,Is there a TSA supported by FMIS to automate payments and bank reconciliation?,GTMI,198,1,1,1,0,2022-2022,3%,18%,4.42,6,2.15,0,6
Public Financial Management Institutions,wb_gtmi_i_7,Is there a Tax Management Information System in place?,GTMI,198,1,1,1,0,2022-2022,3%,18%,5.52,6,1.58,0,6
Business Environment and Trade Institutions,wb_gtmi_i_8,Is there a Customs Management Information System in place?,GTMI,198,1,1,1,0,2022-2022,3%,18%,5.64,6,1.4,0,6
Public Financial Management Institutions,wb_gtmi_pfm_mis,PFM Management Information Systems,CLIAR (based on GTMI),198,1,1,1,0,2022-2022,3%,18%,0.74,0.727272727,0.22,0,1
Digital and Data Institutions,wb_gtmi_psdi,Public Service Delivery Index (PSDI),GTMI,198,2,1,1,1,2020-2022,6%,36%,0.63,0.685,0.27,0,1
Business Environment and Trade Institutions,wb_lpi_lp_lpi_cust_xq,Efficiency of the clearance process,WB International LPI,167,6,1,1,1,2007-2018,13%,15%,2.65,2.49,0.6,1.11,4.21
Transparency and Accountability Institutions,wb_pefa_pi_2016_05,Budget Documentation,Public Expenditure Financial Accountability,61,7,1,0,1,2015-2021,1%,4%,2.8,3,0.89,1,4
Transparency and Accountability Institutions,wb_pefa_pi_2016_09,Public access to information,Public Expenditure Financial Accountability,61,7,1,0,1,2015-2021,1%,4%,1.94,1,1.22,1,4
Public Financial Management Institutions,wb_pefa_pi_2016_10,Fiscal risk reporting,Public Expenditure Financial Accountability,61,7,1,0,1,2015-2021,1%,4%,1.82,1.5,0.73,1,4
SOE Corporate Governance,wb_pefa_pi_2016_10_1,Monitoring of Public Corporations,Public Expenditure Financial Accountability,61,7,1,0,1,2015-2021,1%,4%,1.83,2,0.78,1,4
Public Financial Management Institutions,wb_pefa_pi_2016_11,Public investment management,Public Expenditure Financial Accountability,60,7,1,0,1,2015-2021,1%,4%,1.83,1.5,0.66,1,4
Public Financial Management Institutions,wb_pefa_pi_2016_12,Public asset management,Public Expenditure Financial Accountability,61,7,1,0,1,2015-2021,1%,4%,1.87,1.5,0.6,1,3
Public Financial Management Institutions,wb_pefa_pi_2016_13,Debt management,Public Expenditure Financial Accountability,61,7,1,0,1,2015-2021,1%,4%,2.92,3,0.88,1,4
Public Financial Management Institutions,wb_pefa_pi_2016_14,Macroeconomic and fiscal forecasting,Public Expenditure Financial Accountability,61,7,1,0,1,2015-2021,1%,4%,2.5,2.5,0.87,1,4
Public Financial Management Institutions,wb_pefa_pi_2016_15,Fiscal strategy,Public Expenditure Financial Accountability,61,7,1,0,1,2015-2021,1%,4%,2.25,2,0.86,1,4
Public Financial Management Institutions,wb_pefa_pi_2016_16,Medium term perspective in expenditure budgeting,Public Expenditure Financial Accountability,61,7,1,0,1,2015-2021,1%,4%,1.91,1.5,0.81,1,4
Public Financial Management Institutions,wb_pefa_pi_2016_17,Budget preparation process,Public Expenditure Financial Accountability,61,7,1,0,1,2015-2021,1%,4%,2.97,3,0.75,1,4
Political Institutions,wb_pefa_pi_2016_18,Legislative scrutiny of budgets,Public Expenditure Financial Accountability,61,7,1,0,1,2015-2021,1%,4%,2.7,2.5,0.78,1.5,4
Public Financial Management Institutions,wb_pefa_pi_2016_19,Revenue administration,Public Expenditure Financial Accountability,61,7,1,0,1,2015-2021,1%,4%,2.31,2.5,0.74,1,3.5
Public Financial Management Institutions,wb_pefa_pi_2016_20,Accounting for revenues,Public Expenditure Financial Accountability,61,7,1,0,1,2015-2021,1%,4%,2.8,2.5,0.91,1.5,4
Public Financial Management Institutions,wb_pefa_pi_2016_21,Predictability of in-year resource allocation,Public Expenditure Financial Accountability,61,7,1,0,1,2015-2021,1%,4%,2.92,3,0.72,1.5,4
Public Financial Management Institutions,wb_pefa_pi_2016_22,Expenditure arrears,Public Expenditure Financial Accountability,61,7,1,0,1,2015-2021,1%,4%,1.71,1.5,0.92,1,4
Public Human Resource Management Institutions,wb_pefa_pi_2016_23,Payroll controls,Public Expenditure Financial Accountability,61,7,1,0,1,2015-2021,1%,4%,2.24,2.5,0.81,1,4
Public Financial Management Institutions,wb_pefa_pi_2016_24,Procurement,Public Expenditure Financial Accountability,61,7,1,0,1,2015-2021,1%,4%,2.48,2.5,0.93,1,4
Public Financial Management Institutions,wb_pefa_pi_2016_25,Internal controls on nonsalary expenditure,Public Expenditure Financial Accountability,61,7,1,0,1,2015-2021,1%,4%,3.01,3,0.75,1.5,4
Public Financial Management Institutions,wb_pefa_pi_2016_26,Internal audit effectiveness,Public Expenditure Financial Accountability,61,7,1,0,1,2015-2021,1%,4%,2.05,1.5,0.75,1,4
Public Financial Management Institutions,wb_pefa_pi_2016_27,Financial data integrity,Public Expenditure Financial Accountability,61,7,1,0,1,2015-2021,1%,4%,2.52,2.5,0.97,1,4
Public Financial Management Institutions,wb_pefa_pi_2016_28,In-year budget reports,Public Expenditure Financial Accountability,61,7,1,0,1,2015-2021,1%,4%,2.1,1.5,0.88,1,4
Public Financial Management Institutions,wb_pefa_pi_2016_29,Annual financial reports,Public Expenditure Financial Accountability,61,7,1,0,1,2015-2021,1%,4%,2.07,2,0.64,1,4
Transparency and Accountability Institutions,wb_pefa_pi_2016_30,External audit,Public Expenditure Financial Accountability,61,7,1,0,1,2015-2021,1%,4%,2.02,1.5,0.77,1,4
Social Institutions,wb_wbl_sg_law_indx,Women Business and the Law Index,"Women, Business and the Law",189,32,1,1,1,1990-2021,84%,69%,65.28,66.25,18.53,17.5,100
Public Human Resource Management Institutions,wb_wwbi_bi_emp_frml_pb_zs,"Public sector employment, as a share of formal employment",WWBI,100,21,1,0,1,2000-2020,11%,4%,0.33,0.3,0.13,0.04,0.85
Public Human Resource Management Institutions,wb_wwbi_bi_pwk_pubs_tt_zs,Individuals with tertiary education as a share of public paid employees,WWBI,121,21,1,0,1,2000-2020,12%,3%,0.5,0.51,0.16,0,0.84
Public Human Resource Management Institutions,wb_wwbi_bi_wag_totl_pb_zs,Wage bill as a percentage of public Expenditure,WWBI,184,21,1,1,1,2000-2020,51%,49%,26.96,25.96,8.71,2.14,100
(other indicators),wdi_bmkltdinvwdgdzs,"Foreign direct investment, net outflows (% of GDP)",WDI,195,33,1,1,1,1990-2022,74%,74%,2.77,0.194765776,30.2,-138.5186462,1509.002075
(other indicators),wdi_bncabxokagdzs,Current account balance (% of GDP),WDI,198,33,1,1,1,1990-2022,74%,75%,-2.67,-2.878177166,13.87,-240.4946136,311.7609253
(other indicators),wdi_bxkltdinvwdgdzs,"Foreign direct investment, net inflows (% of GDP)",WDI,199,33,1,1,1,1990-2022,83%,80%,7.3,2.398955345,53.18,-1303.108765,1709.827271
(other indicators),wdi_bxtrfpwkrdtgdzs,"Personal remittances, received (% of GDP)",WDI,198,33,1,1,1,1990-2022,76%,84%,4.19,1.441584587,7.9,0,167.433075
(other indicators),wdi_dtdoddectgnzs,External debt stocks (% of GNI),WDI,121,32,1,1,1,1990-2021,50%,43%,62.93,46.51819229,67.77,0.238604054,1111.269897
(other indicators),wdi_dtdoddstcirzs,Short-term debt (% of total reserves),WDI,111,32,1,1,1,1990-2021,45%,37%,856.37,30.75133705,14279.71,0,527646.8125
(other indicators),wdi_dtdoddstcxpzs,"Short-term debt (% of exports of goods, services and primary income)",WDI,119,32,1,1,1,1990-2021,44%,40%,24.95,13.86025047,66.38,0,1441.062012
(other indicators),wdi_dtdoddstczs,Short-term debt (% of total external debt),WDI,121,32,1,1,1,1990-2021,52%,44%,11.83,8.635000229,12.15,0,88.98280334
(other indicators),wdi_dtodaodatgnzs,Net ODA received (% of GNI),WDI,161,32,1,1,1,1990-2021,61%,48%,6.92,3.276068687,10.02,-2.172047138,137.5876923
(other indicators),wdi_dttdsdectexzs,"Total debt service (% of exports of goods, services and primary income)",WDI,121,32,1,1,1,1990-2021,47%,41%,15.07,11.17363834,14.35,0.003494808,156.8581543
(other indicators),wdi_dttdsdectgnzs,Total debt service (% of GNI),WDI,121,32,1,1,1,1990-2021,50%,44%,4.73,3.084606409,5.89,6.07E-04,102.2222137
(other indicators),wdi_dttdsdppggnzs,Public and publicly guaranteed debt service (% of GNI),WDI,122,32,1,1,1,1990-2021,50%,44%,2.75,1.842688799,3.36,0,52.61410522
(other indicators),wdi_dttdsmlatpgzs,Multilateral debt service (% of public and publicly guaranteed debt service),WDI,122,32,1,1,1,1990-2021,51%,44%,44.94,44.29004288,26.67,0,100
(other indicators),wdi_enatmco2eppgdkd,CO2 emissions (kg per 2017 PPP $ of GDP),WDI,182,31,1,1,1,1990-2020,76%,50%,0.25,0.192972951,0.22,0,2.084849834
(other indicators),wdi_firestotldtzs,Total reserves (% of total external debt),WDI,111,32,1,1,1,1990-2021,45%,37%,63.35,28.61943817,201.66,0.009438698,3840.101074
(other indicators),wdi_gcdodtotlgdzs,"Central government debt, total (% of GDP)",WDI,120,32,1,0,1,1990-2021,26%,22%,62.5,49.57897186,64.47,-1.170725703,745.9959717
(other indicators),wdi_gcnldtotlgdzs,Net lending (+) / net borrowing (-) (% of GDP),WDI,155,32,1,1,1,1990-2021,45%,44%,-1.75,-1.961766481,10.43,-203.719101,238.5769043
(other indicators),wdi_gcrevsoclzs,Social contributions (% of revenue),WDI,156,32,1,1,1,1990-2021,47%,44%,13.54,6.86634469,14.89,0,60.03723907
(other indicators),wdi_gcrevxgrtgdzs,"Revenue, excluding grants (% of GDP)",WDI,156,32,1,1,1,1990-2021,47%,44%,28.62,24.84389877,28.97,1.10E-04,391.5297546
(other indicators),wdi_gctaxtotlgdzs,Tax revenue (% of GDP),WDI,157,32,1,1,1,1990-2021,47%,45%,18.27,16.61315155,14.74,7.87E-05,177.2815094
(other indicators),wdi_gcxpntotlgdzs,Expense (% of GDP),WDI,155,32,1,1,1,1990-2021,46%,45%,29.45,25.60172272,29.49,1.84E-04,378.4924011
(other indicators),wdi_msmiltotltfzs,Armed forces personnel (% of total labor force),WDI,172,30,1,1,1,1990-2019,68%,30%,1.71,1.045873046,2.12,0,33.51528168
(other indicators),wdi_msmilxpndgdzs,Military expenditure (% of GDP),WDI,163,32,1,1,1,1990-2021,64%,55%,2.28,1.64347887,2.87,3.66E-04,117.349823
(other indicators),wdi_necongovtzs,General government final consumption expenditure (% of GDP),WDI,188,33,1,1,1,1990-2022,75%,74%,16.83,15.94975615,8.81,0.911234617,147.7188873
(other indicators),wdi_necontotlzs,Final consumption expenditure (% of GDP),WDI,189,33,1,1,1,1990-2022,76%,75%,80.89,79.76908112,17.94,12.17320538,236.8595581
(other indicators),wdi_nedabtotlzs,Gross national expenditure (% of GDP),WDI,187,33,1,1,1,1990-2022,75%,73%,104.41,102.7923203,17.25,40.11084747,264.7659912
(other indicators),wdi_neexpgnfszs,Exports of goods and services (% of GDP),WDI,196,33,1,1,1,1990-2022,79%,78%,40.6,33.26232719,30.88,0.005376759,433.8359985
(other indicators),wdi_negdiftotzs,Gross fixed capital formation (% of GDP),WDI,182,33,1,1,1,1990-2022,73%,72%,22.44,21.77070427,7.92,-2.424357891,93.54746246
(other indicators),wdi_negditotlzs,Gross capital formation (% of GDP),WDI,187,33,1,1,1,1990-2022,75%,73%,23.63,22.71172333,8.63,-12.88008976,79.40107727
(other indicators),wdi_neimpgnfszs,Imports of goods and services (% of GDP),WDI,196,33,1,1,1,1990-2022,79%,78%,46.42,39.62531853,28.67,0.015622473,429.3591003
(other indicators),wdi_netrdgnfszs,Trade (% of GDP),WDI,196,33,1,1,1,1990-2022,79%,78%,87.02,75.77246857,56.73,0.020999232,863.1951294
(other indicators),wdi_nvindmanfzs,"Manufacturing, value added (% of GDP)",WDI,203,33,1,1,1,1990-2022,78%,79%,12.47,11.85756016,7.32,0,49.87942505
(other indicators),wdi_nvsrvtotlzs,"Services, value added (% of GDP)",WDI,204,33,1,1,1,1990-2022,81%,85%,53.77,53.69074059,13.22,6.448067665,96.20487976
(other indicators),wdi_nygdpdeflkdzg,"Inflation, GDP deflator (annual %)",WDI,213,33,1,1,1,1990-2022,90%,93%,31.54,4.231226921,437.14,-31.56591415,26765.85742
(other indicators),wdi_nygdpdeflkdzgad,"Inflation, GDP deflator: linked series (annual %)",WDI,212,33,1,1,1,1990-2022,90%,93%,31.48,4.228730202,440.53,-31.56591415,26765.85742
(other indicators),wdi_nygdpdeflzs,GDP deflator (base year varies by country),WDI,213,33,1,1,1,1990-2022,91%,93%,153.04,86.44455719,2046.54,2.68E-10,147418.6406
(other indicators),wdi_nygdpdeflzsad,GDP deflator: linked series (base year varies by country),WDI,212,33,1,1,1,1990-2022,91%,93%,153.48,86.6160202,2048.59,2.68E-10,147418.6406
(other indicators),wdi_nygdpminrrtzs,Mineral rents (% of GDP),WDI,214,32,1,1,1,1990-2021,89%,75%,0.68,0.001119119,2.25,0,35.25183868
(other indicators),wdi_nygdpmktpkd,GDP (constant 2015 US$),WDI,211,33,1,1,1,1990-2022,90%,92%,2.99681E+11,19420679530,1.33854E+12,21562110.05,2.1E+13
(other indicators),wdi_nygdpmktpkdzg,GDP growth (annual %),WDI,213,33,1,1,1,1990-2022,90%,93%,3.27,3.524657965,6.46,-64.04710388,149.9729614
(other indicators),wdi_nygdpmktpppkd,"GDP, PPP (constant 2017 international $)",WDI,194,33,1,1,1,1990-2022,85%,88%,4.68866E+11,47707590682,1.67003E+12,24821643.44,2.57E+13
(other indicators),wdi_nygdpngasrtzs,Natural gas rents (% of GDP),WDI,201,32,1,1,1,1990-2021,85%,72%,0.56,0,2.5,0,55.00876999
(other indicators),wdi_nygdppcapkd,GDP per capita (constant 2015 US$),WDI,210,33,1,1,1,1990-2022,90%,93%,14018.33,4782.549316,20982.33,189.2822113,204190.9688
(other indicators),wdi_nygdppcapkdzg,GDP per capita growth (annual %),WDI,213,33,1,1,1,1990-2022,90%,92%,1.85,2.041065812,6.3,-64.42584229,140.4800415
(other indicators),wdi_nygdppcapppkd,"GDP per capita, PPP (constant 2017 international $)",WDI,194,33,1,1,1,1990-2022,85%,88%,18317.6,10463.92676,20568.23,436.3764038,157602.4844
(other indicators),wdi_nygdppetrrtzs,Oil rents (% of GDP),WDI,200,32,1,1,1,1990-2021,84%,71%,3.51,0.010385771,9.18,0,82.77689362
(other indicators),wdi_nygdptotlrtzs,Total natural resources rents (% of GDP),WDI,214,32,1,1,1,1990-2021,89%,75%,6.61,1.688532948,10.76,0,88.59234619
(other indicators),wdi_nygdstotlzs,Gross domestic savings (% of GDP),WDI,189,33,1,1,1,1990-2022,76%,75%,19.11,20.2309227,17.94,-136.8595581,87.82679749
(other indicators),wdi_nygnpmktpkd,GNI (constant 2015 US$),WDI,200,33,1,1,1,1990-2022,58%,65%,4.08037E+11,36105700129,1.59594E+12,56981785.64,2.1E+13
(other indicators),wdi_nygnpmktpkdzg,GNI growth (annual %),WDI,164,33,1,1,1,1990-2022,58%,63%,3.3,3.511033058,5.59,-61.33892822,49.68388367
(other indicators),wdi_nygnpmktpppkd,"GNI, PPP (constant 2017 international $)",WDI,194,33,1,1,1,1990-2022,58%,65%,5.89193E+11,78301202804,1.9133E+12,63578076.57,2.47E+13
(other indicators),wdi_nygnppcapkd,GNI per capita (constant 2015 US$),WDI,200,33,1,1,1,1990-2022,58%,65%,12969.66,4361.848145,17921.93,189.518631,138201.2188
(other indicators),wdi_nygnppcapkdzg,GNI per capita growth (annual %),WDI,167,33,1,1,1,1990-2022,58%,64%,1.96,2.210507989,5.59,-61.95199966,61.31461716
(other indicators),wdi_nygnppcapppkd,"GNI per capita, PPP (constant 2017 international $)",WDI,194,33,1,1,1,1990-2022,58%,65%,18145.46,10496.98145,18938.94,415.6825562,123094.2422
(other indicators),wdi_nygnsictrzs,Gross savings (% of GDP),WDI,178,33,1,1,1,1990-2022,64%,64%,22.15,21.03559589,15.6,-236.2419434,372.9881592
Service Delivery Institutions,wdi_secomdurs,"Compulsory education, duration (years)",WDI,198,32,1,1,1,1990-2021,62%,73%,9.48,9,2.33,0,17
Service Delivery Institutions,wdi_sepretcaqzs,Trained teachers in preprimary education (% of total teachers),WDI,138,25,1,1,1,1998-2022,17%,22%,74.99,83.47106934,25.85,0,100
Service Delivery Institutions,wdi_seprmenrltczs,"Pupil-teacher ratio, primary",WDI,203,30,1,1,1,1990-2019,52%,9%,26.09,22.41784573,13.69,5.225810051,100.2364883
Service Delivery Institutions,wdi_seprmtcaqzs,Trained teachers in primary education (% of total teachers),WDI,151,25,1,1,1,1998-2022,24%,28%,85.45,92.14502716,17.26,14.68150997,100
Service Delivery Institutions,wdi_seprmtenr,"Adjusted net enrollment rate, primary (% of primary school age children)",WDI,194,30,1,1,1,1990-2019,42%,7%,88.84,94.82739639,14.7,19.18833923,100
Service Delivery Institutions,wdi_sesecenrltczs,"Pupil-teacher ratio, secondary",WDI,197,30,1,1,1,1990-2019,38%,7%,17.29,15.36929035,8.01,4.979320049,80.05232239
Service Delivery Institutions,wdi_sesectcaqlozs,Trained teachers in lower secondary education (% of total teachers),WDI,120,25,1,0,1,1998-2022,12%,17%,80.38,89.29666901,22.65,0,100
Service Delivery Institutions,wdi_sesectcaqupzs,Trained teachers in upper secondary education (% of total teachers),WDI,120,25,1,0,1,1998-2022,11%,15%,80.51,90.64575195,23.42,1.328273296,100
Service Delivery Institutions,wdi_sesectcaqzs,Trained teachers in secondary education (% of total teachers),WDI,144,25,1,1,1,1998-2022,17%,23%,80.49,88.70497894,21.6,0.392413348,100
Service Delivery Institutions,wdi_seterenrltczs,"Pupil-teacher ratio, tertiary",WDI,191,30,1,1,1,1990-2019,34%,5%,16.15,14.67374992,8.28,1.161689997,147.5599976
Service Delivery Institutions,wdi_sexpdcprmzs,"Current education expenditure, primary (% of total expenditure in primary public Institutions)",WDI,165,25,1,1,1,1995-2021,22%,18%,91.95,93.62796783,7.73,36.25577164,100
Service Delivery Institutions,wdi_sexpdcseczs,"Current education expenditure, secondary (% of total expenditure in secondary public Institutions)",WDI,169,25,1,1,1,1995-2021,22%,17%,91.56,93.29556274,8.32,13.09702969,100
Service Delivery Institutions,wdi_sexpdcterzs,"Current education expenditure, tertiary (% of total expenditure in tertiary public Institutions)",WDI,164,25,1,1,1,1995-2021,21%,17%,88.61,91.43121338,11.67,17.12291908,100
Service Delivery Institutions,wdi_sexpdctotzs,"Current education expenditure, total (% of total expenditure in public Institutions)",WDI,171,25,1,1,1,1995-2021,22%,17%,90.56,92.25213242,7.95,32.80998993,100
Service Delivery Institutions,wdi_sexpdprimpczs,"Government expenditure per student, primary (% of GDP per capita)",WDI,172,23,1,1,1,1995-2018,22%,2%,15.67,14.86557961,7.12,0.235070005,65.10102081
Service Delivery Institutions,wdi_sexpdsecopczs,"Government expenditure per student, secondary (% of GDP per capita)",WDI,167,23,1,1,1,1995-2018,20%,2%,20.84,19.96343422,10.27,0,125.0330429
Service Delivery Institutions,wdi_sexpdtertpczs,"Government expenditure per student, tertiary (% of GDP per capita)",WDI,168,24,1,1,1,1992-2018,20%,1%,66.76,30.2802906,154.6,0,2489.753418
Service Delivery Institutions,wdi_sexpdtotlgbzs,"Government expenditure on education, total (% of government expenditure)",WDI,201,33,1,1,1,1990-2022,51%,64%,14.66,14.00231266,5.08,0.833360016,47.27873993
Service Delivery Institutions,wdi_sexpdtotlgdzs,"Government expenditure on education, total (% of GDP)",WDI,203,32,1,1,1,1990-2021,53%,50%,4.47,4.238329887,2.17,0,44.33398056
Service Delivery Institutions,wdi_shmedbedszs,"Hospital beds (per 1,000 people)",WDI,197,30,1,1,1,1990-2019,41%,4%,4.21,3.405000091,3.14,0.100000001,21.67860031
Service Delivery Institutions,wdi_shmedphyszs,"Physicians (per 1,000 people)",WDI,205,31,1,1,1,1990-2020,46%,25%,1.92,1.861499965,1.47,0.007,8.41989994
Service Delivery Institutions,wdi_shstabrtczs,Births attended by skilled health staff (% of total),WDI,203,32,1,1,1,1990-2021,40%,20%,89.3,98.69999695,19.86,5,100
Service Delivery Institutions,wdi_shxpdchexgdzs,Current health expenditure (% of GDP),WDI,190,22,1,1,1,2000-2021,55%,53%,6.21,5.676197052,2.79,1.263575673,24.23068047
Service Delivery Institutions,wdi_shxpdghedgdzs,Domestic general government health expenditure (% of GDP),WDI,190,22,1,1,1,2000-2021,55%,52%,3.27,2.666175842,2.33,0.06221094,22.25426292
Service Delivery Institutions,wdi_shxpdoopcchzs,Out-of-pocket expenditure (% of current health expenditure),WDI,190,22,1,1,1,2000-2021,55%,52%,33.75,31.56134605,19.68,0.080349617,86.06919098
Service Delivery Institutions,wdi_shxpdoopcppcd,"Out-of-pocket expenditure per capita, PPP (current international $)",WDI,190,22,1,1,1,2000-2021,55%,53%,261.98,175.7311096,269.34,0.182705224,2291.114746
(other indicators),wdi_sipovdday,Poverty headcount ratio at $2.15 a day (2017 PPP) (% of population),WDI,167,33,1,1,1,1990-2022,25%,21%,9.28,1.299999952,16.92,0,91.5
(other indicators),wdi_sipovgaps,Poverty gap at $2.15 a day (2017 PPP) (%),WDI,167,33,1,1,1,1990-2022,25%,21%,3.54,0.5,7.51,0,58.5
(other indicators),wdi_sipovlmic,Poverty headcount ratio at $3.65 a day (2017 PPP) (% of population),WDI,167,33,1,1,1,1990-2022,25%,21%,18.29,5.5,25.16,0,97.59999847
(other indicators),wdi_sipovlmicgp,Poverty gap at $3.65 a day (2017 PPP) (%),WDI,167,33,1,1,1,1990-2022,25%,21%,7.79,1.600000024,12.89,0,73.59999847
(other indicators),wdi_sipovnahc,Poverty headcount ratio at national poverty lines (% of population),WDI,157,33,1,1,1,1990-2022,16%,19%,25.23,21.20000076,14.78,0,96
(other indicators),wdi_sipovumic,Poverty headcount ratio at $6.85 a day (2017 PPP) (% of population),WDI,167,33,1,1,1,1990-2022,25%,21%,33.16,22.60000038,33.02,0,100
(other indicators),wdi_sipovumicgp,Poverty gap at $6.85 a day (2017 PPP) (%),WDI,167,33,1,1,1,1990-2022,25%,21%,16.38,7.25,20.21,0,100
(other indicators),wdi_sluemtotlnezs,"Unemployment, total (% of total labor force) (national estimate)",WDI,208,33,1,1,1,1990-2022,51%,45%,8.35,6.869999886,6.21,0.039999999,57
(other indicators),wdi_sluemtotlzs,"Unemployment, total (% of total labor force) (modeled ILO estimate)",WDI,187,32,1,1,1,1991-2022,83%,85%,8.15,6.545000076,6.04,0.094999999,38.79999924
Service Delivery Institutions,wdi_spregbrthruzs,"Completeness of birth registration, rural (%)",WDI,120,22,1,0,1,2000-2021,5%,5%,68.54,75,28.98,1.5,100
Service Delivery Institutions,wdi_spregbrthurzs,"Completeness of birth registration, urban (%)",WDI,120,22,1,0,1,2000-2021,5%,5%,78.7,87.60000229,23.19,5.300000191,100
Service Delivery Institutions,wdi_spregbrthzs,Completeness of birth registration (%),WDI,180,23,1,1,1,2000-2022,8%,11%,81.56,95.19999695,25.03,2.700000048,100
Political Institutions,wjp_rol_1,Constraints on Gov. Powers,"World Justice Project, Rule of Law",140,9,1,1,1,2013-2022,15%,59%,0.56,0.54,0.16,0.17,0.95
Anticorruption Institutions,wjp_rol_2,Absence of Corruption,"World Justice Project, Rule of Law",140,9,1,1,1,2013-2022,15%,59%,0.52,0.47,0.19,0.16,0.96
Justice Institutions,wjp_rol_2_2,Judicial branch corruption,"World Justice Project, Rule of Law",140,9,1,1,1,2013-2022,15%,59%,0.6,0.56,0.24,0.07,0.99
Transparency and Accountability Institutions,wjp_rol_3_1,Publicized laws and government data,"World Justice Project, Rule of Law",140,9,1,1,1,2013-2022,15%,59%,0.47,0.45,0.2,0.09,0.95
Transparency and Accountability Institutions,wjp_rol_3_2,Right to information,"World Justice Project, Rule of Law",140,9,1,1,1,2013-2022,15%,59%,0.53,0.51,0.16,0,1
Transparency and Accountability Institutions,wjp_rol_3_4,Complaint mechanisms,"World Justice Project, Rule of Law",140,9,1,1,1,2013-2022,15%,59%,0.56,0.55,0.16,0.06,0.98
Justice Institutions,wjp_rol_4_3,Due process of law and rights of the accused,"World Justice Project, Rule of Law",140,9,1,1,1,2013-2022,15%,59%,0.51,0.47,0.18,0.14,0.93
Social Institutions,wjp_rol_4_4,Freedom of opinion and expression,"World Justice Project, Rule of Law",140,9,1,1,1,2013-2022,15%,59%,0.58,0.6,0.18,0.06,0.97
Social Institutions,wjp_rol_4_5,Freedom of belief and religion,"World Justice Project, Rule of Law",140,9,1,1,1,2013-2022,15%,59%,0.66,0.69,0.16,0.03,0.93
Social Institutions,wjp_rol_4_6,Freedom from arbitrary interference with privacy,"World Justice Project, Rule of Law",140,9,1,1,1,2013-2022,15%,59%,0.5,0.48,0.24,0.02,1
Social Institutions,wjp_rol_4_7,Freedom of assembly and association,"World Justice Project, Rule of Law",140,9,1,1,1,2013-2022,15%,59%,0.64,0.66,0.18,0.06,0.98
Labor market Institutions,wjp_rol_4_8,Fundamental labor rights are effectively guaranteed,"World Justice Project, Rule of Law",140,9,1,1,1,2013-2022,15%,59%,0.59,0.58,0.14,0.2,0.95
Business Environment and Trade Institutions,wjp_rol_6,Regulatory enforcement,"World Justice Project, Rule of Law",140,9,1,1,1,2013-2022,15%,59%,0.54,0.5,0.15,0.19,0.9
Justice Institutions,wjp_rol_6_6,Expropriation without lawful process and adequate compensation,"World Justice Project, Rule of Law",140,9,1,1,1,2013-2022,15%,59%,0.58,0.57,0.16,0.14,0.94
Justice Institutions,wjp_rol_7_1,People can access and afford civil justice,"World Justice Project, Rule of Law",140,9,1,1,1,2013-2022,15%,59%,0.55,0.54,0.11,0.22,0.85
Justice Institutions,wjp_rol_7_5,Civil justice is not subject to unreasonable delays,"World Justice Project, Rule of Law",140,9,1,1,1,2013-2022,15%,59%,0.46,0.44,0.17,0.06,0.95
Justice Institutions,wjp_rol_7_6,Civil justice is effectively enforced,"World Justice Project, Rule of Law",140,9,1,1,1,2013-2022,15%,59%,0.52,0.5,0.17,0.05,0.97
Justice Institutions,wjp_rol_7_7,Alternative dispute resolution mechanisms,"World Justice Project, Rule of Law",140,9,1,1,1,2013-2022,15%,59%,0.66,0.66,0.12,0.22,0.97
Justice Institutions,wjp_rol_8_1,Criminal investigation system is effective,"World Justice Project, Rule of Law",140,9,1,1,1,2013-2022,15%,59%,0.45,0.43,0.15,0.11,0.93
Justice Institutions,wjp_rol_8_2,Criminal adjudication system is timely and effective,"World Justice Project, Rule of Law",140,9,1,1,1,2013-2022,15%,59%,0.49,0.48,0.15,0.11,0.9
Justice Institutions,wjp_rol_8_4,Criminal system is impartial,"World Justice Project, Rule of Law",140,9,1,1,1,2013-2022,15%,59%,0.48,0.48,0.16,0.05,0.94
