"group_code","group","country_code","country"
"FCS","Fragile and conflict affected situations","AFG","Afghanistan"
"HPC","Heavily indebted poor countries (HIPC)","AFG","Afghanistan"
"IBT","IDA & IBRD total","AFG","Afghanistan"
"IDA","IDA total","AFG","Afghanistan"
"IDX","IDA only","AFG","Afghanistan"
"LDC","Least developed countries: UN classification","AFG","Afghanistan"
"LIC","Low income","AFG","Afghanistan"
"LMY","Low & middle income","AFG","Afghanistan"
"PRE","Pre-demographic dividend","AFG","Afghanistan"
"SAS","South Asia","AFG","Afghanistan"
"TSA","South Asia (IDA & IBRD)","AFG","Afghanistan"
"WLD","World","AFG","Afghanistan"
"ECA","Europe & Central Asia (excluding high income)","ALB","Albania"
"ECS","Europe & Central Asia","ALB","Albania"
"IBD","IBRD only","ALB","Albania"
"IBT","IDA & IBRD total","ALB","Albania"
"LMY","Low & middle income","ALB","Albania"
"LTE","Late-demographic dividend","ALB","Albania"
"MIC","Middle income","ALB","Albania"
"TEC","Europe & Central Asia (IDA & IBRD)","ALB","Albania"
"UMC","Upper middle income","ALB","Albania"
"WLD","World","ALB","Albania"
"ARB","Arab World","DZA","Algeria"
"EAR","Early-demographic dividend","DZA","Algeria"
"IBD","IBRD only","DZA","Algeria"
"IBT","IDA & IBRD total","DZA","Algeria"
"LMC","Lower middle income","DZA","Algeria"
"LMY","Low & middle income","DZA","Algeria"
"MEA","Middle East & North Africa","DZA","Algeria"
"MIC","Middle income","DZA","Algeria"
"MNA","Middle East & North Africa (excluding high income)","DZA","Algeria"
"TMN","Middle East & North Africa (IDA & IBRD)","DZA","Algeria"
"WLD","World","DZA","Algeria"
"EAP","East Asia & Pacific (excluding high income)","ASM","American Samoa"
"EAS","East Asia & Pacific","ASM","American Samoa"
"LMY","Low & middle income","ASM","American Samoa"
"MIC","Middle income","ASM","American Samoa"
"UMC","Upper middle income","ASM","American Samoa"
"WLD","World","ASM","American Samoa"
"ECS","Europe & Central Asia","AND","Andorra"
"HIC","High income","AND","Andorra"
"WLD","World","AND","Andorra"
"IBD","IBRD only","AGO","Angola"
"IBT","IDA & IBRD total","AGO","Angola"
"LDC","Least developed countries: UN classification","AGO","Angola"
"LMC","Lower middle income","AGO","Angola"
"LMY","Low & middle income","AGO","Angola"
"MIC","Middle income","AGO","Angola"
"PRE","Pre-demographic dividend","AGO","Angola"
"SSA","Sub-Saharan Africa (excluding high income)","AGO","Angola"
"SSF","Sub-Saharan Africa","AGO","Angola"
"TSS","Sub-Saharan Africa (IDA & IBRD)","AGO","Angola"
"WLD","World","AGO","Angola"
"CSS","Caribbean small states","ATG","Antigua and Barbuda"
"HIC","High income","ATG","Antigua and Barbuda"
"IBD","IBRD only","ATG","Antigua and Barbuda"
"IBT","IDA & IBRD total","ATG","Antigua and Barbuda"
"LCN","Latin America & Caribbean","ATG","Antigua and Barbuda"
"PST","Post-demographic dividend","ATG","Antigua and Barbuda"
"SST","Small states","ATG","Antigua and Barbuda"
"TLA","Latin America & Caribbean (IDA & IBRD)","ATG","Antigua and Barbuda"
"WLD","World","ATG","Antigua and Barbuda"
"EAR","Early-demographic dividend","ARG","Argentina"
"IBD","IBRD only","ARG","Argentina"
"IBT","IDA & IBRD total","ARG","Argentina"
"LAC","Latin America & Caribbean (excluding high income)","ARG","Argentina"
"LCN","Latin America & Caribbean","ARG","Argentina"
"LMY","Low & middle income","ARG","Argentina"
"MIC","Middle income","ARG","Argentina"
"TLA","Latin America & Caribbean (IDA & IBRD)","ARG","Argentina"
"UMC","Upper middle income","ARG","Argentina"
"WLD","World","ARG","Argentina"
"ECA","Europe & Central Asia (excluding high income)","ARM","Armenia"
"ECS","Europe & Central Asia","ARM","Armenia"
"IBD","IBRD only","ARM","Armenia"
"IBT","IDA & IBRD total","ARM","Armenia"
"LMY","Low & middle income","ARM","Armenia"
"LTE","Late-demographic dividend","ARM","Armenia"
"MIC","Middle income","ARM","Armenia"
"TEC","Europe & Central Asia (IDA & IBRD)","ARM","Armenia"
"UMC","Upper middle income","ARM","Armenia"
"WLD","World","ARM","Armenia"
"HIC","High income","ABW","Aruba"
"LCN","Latin America & Caribbean","ABW","Aruba"
"LTE","Late-demographic dividend","ABW","Aruba"
"WLD","World","ABW","Aruba"
"EAS","East Asia & Pacific","AUS","Australia"
"HIC","High income","AUS","Australia"
"OED","OECD members","AUS","Australia"
"PST","Post-demographic dividend","AUS","Australia"
"WLD","World","AUS","Australia"
"ECS","Europe & Central Asia","AUT","Austria"
"EMU","Euro area","AUT","Austria"
"EUU","European Union","AUT","Austria"
"HIC","High income","AUT","Austria"
"OED","OECD members","AUT","Austria"
"PST","Post-demographic dividend","AUT","Austria"
"WLD","World","AUT","Austria"
"ECA","Europe & Central Asia (excluding high income)","AZE","Azerbaijan"
"ECS","Europe & Central Asia","AZE","Azerbaijan"
"IBD","IBRD only","AZE","Azerbaijan"
"IBT","IDA & IBRD total","AZE","Azerbaijan"
"LMY","Low & middle income","AZE","Azerbaijan"
"LTE","Late-demographic dividend","AZE","Azerbaijan"
"MIC","Middle income","AZE","Azerbaijan"
"TEC","Europe & Central Asia (IDA & IBRD)","AZE","Azerbaijan"
"UMC","Upper middle income","AZE","Azerbaijan"
"WLD","World","AZE","Azerbaijan"
"CSS","Caribbean small states","BHS","Bahamas"
"HIC","High income","BHS","Bahamas"
"LCN","Latin America & Caribbean","BHS","Bahamas"
"LTE","Late-demographic dividend","BHS","Bahamas"
"SST","Small states","BHS","Bahamas"
"WLD","World","BHS","Bahamas"
"ARB","Arab World","BHR","Bahrain"
"EAR","Early-demographic dividend","BHR","Bahrain"
"HIC","High income","BHR","Bahrain"
"MEA","Middle East & North Africa","BHR","Bahrain"
"OSS","Other small states","BHR","Bahrain"
"SST","Small states","BHR","Bahrain"
"WLD","World","BHR","Bahrain"
"EAR","Early-demographic dividend","BGD","Bangladesh"
"IBT","IDA & IBRD total","BGD","Bangladesh"
"IDA","IDA total","BGD","Bangladesh"
"IDX","IDA only","BGD","Bangladesh"
"LDC","Least developed countries: UN classification","BGD","Bangladesh"
"LMC","Lower middle income","BGD","Bangladesh"
"LMY","Low & middle income","BGD","Bangladesh"
"MIC","Middle income","BGD","Bangladesh"
"SAS","South Asia","BGD","Bangladesh"
"TSA","South Asia (IDA & IBRD)","BGD","Bangladesh"
"WLD","World","BGD","Bangladesh"
"CSS","Caribbean small states","BRB","Barbados"
"HIC","High income","BRB","Barbados"
"LCN","Latin America & Caribbean","BRB","Barbados"
"PST","Post-demographic dividend","BRB","Barbados"
"SST","Small states","BRB","Barbados"
"WLD","World","BRB","Barbados"
"ECA","Europe & Central Asia (excluding high income)","BLR","Belarus"
"ECS","Europe & Central Asia","BLR","Belarus"
"IBD","IBRD only","BLR","Belarus"
"IBT","IDA & IBRD total","BLR","Belarus"
"LMY","Low & middle income","BLR","Belarus"
"MIC","Middle income","BLR","Belarus"
"PST","Post-demographic dividend","BLR","Belarus"
"TEC","Europe & Central Asia (IDA & IBRD)","BLR","Belarus"
"UMC","Upper middle income","BLR","Belarus"
"WLD","World","BLR","Belarus"
"ECS","Europe & Central Asia","BEL","Belgium"
"EMU","Euro area","BEL","Belgium"
"EUU","European Union","BEL","Belgium"
"HIC","High income","BEL","Belgium"
"OED","OECD members","BEL","Belgium"
"PST","Post-demographic dividend","BEL","Belgium"
"WLD","World","BEL","Belgium"
"CSS","Caribbean small states","BLZ","Belize"
"EAR","Early-demographic dividend","BLZ","Belize"
"IBD","IBRD only","BLZ","Belize"
"IBT","IDA & IBRD total","BLZ","Belize"
"LAC","Latin America & Caribbean (excluding high income)","BLZ","Belize"
"LCN","Latin America & Caribbean","BLZ","Belize"
"LMY","Low & middle income","BLZ","Belize"
"MIC","Middle income","BLZ","Belize"
"SST","Small states","BLZ","Belize"
"TLA","Latin America & Caribbean (IDA & IBRD)","BLZ","Belize"
"UMC","Upper middle income","BLZ","Belize"
"WLD","World","BLZ","Belize"
"HPC","Heavily indebted poor countries (HIPC)","BEN","Benin"
"IBT","IDA & IBRD total","BEN","Benin"
"IDA","IDA total","BEN","Benin"
"IDX","IDA only","BEN","Benin"
"LDC","Least developed countries: UN classification","BEN","Benin"
"LMC","Lower middle income","BEN","Benin"
"LMY","Low & middle income","BEN","Benin"
"MIC","Middle income","BEN","Benin"
"PRE","Pre-demographic dividend","BEN","Benin"
"SSA","Sub-Saharan Africa (excluding high income)","BEN","Benin"
"SSF","Sub-Saharan Africa","BEN","Benin"
"TSS","Sub-Saharan Africa (IDA & IBRD)","BEN","Benin"
"WLD","World","BEN","Benin"
"HIC","High income","BMU","Bermuda"
"NAC","North America","BMU","Bermuda"
"WLD","World","BMU","Bermuda"
"EAR","Early-demographic dividend","BTN","Bhutan"
"IBT","IDA & IBRD total","BTN","Bhutan"
"IDA","IDA total","BTN","Bhutan"
"IDX","IDA only","BTN","Bhutan"
"LDC","Least developed countries: UN classification","BTN","Bhutan"
"LMC","Lower middle income","BTN","Bhutan"
"LMY","Low & middle income","BTN","Bhutan"
"MIC","Middle income","BTN","Bhutan"
"OSS","Other small states","BTN","Bhutan"
"SAS","South Asia","BTN","Bhutan"
"SST","Small states","BTN","Bhutan"
"TSA","South Asia (IDA & IBRD)","BTN","Bhutan"
"WLD","World","BTN","Bhutan"
"EAR","Early-demographic dividend","BOL","Bolivia"
"HPC","Heavily indebted poor countries (HIPC)","BOL","Bolivia"
"IBD","IBRD only","BOL","Bolivia"
"IBT","IDA & IBRD total","BOL","Bolivia"
"LAC","Latin America & Caribbean (excluding high income)","BOL","Bolivia"
"LCN","Latin America & Caribbean","BOL","Bolivia"
"LMC","Lower middle income","BOL","Bolivia"
"LMY","Low & middle income","BOL","Bolivia"
"MIC","Middle income","BOL","Bolivia"
"TLA","Latin America & Caribbean (IDA & IBRD)","BOL","Bolivia"
"WLD","World","BOL","Bolivia"
"ECA","Europe & Central Asia (excluding high income)","BIH","Bosnia and Herzegovina"
"ECS","Europe & Central Asia","BIH","Bosnia and Herzegovina"
"IBD","IBRD only","BIH","Bosnia and Herzegovina"
"IBT","IDA & IBRD total","BIH","Bosnia and Herzegovina"
"LMY","Low & middle income","BIH","Bosnia and Herzegovina"
"MIC","Middle income","BIH","Bosnia and Herzegovina"
"PST","Post-demographic dividend","BIH","Bosnia and Herzegovina"
"TEC","Europe & Central Asia (IDA & IBRD)","BIH","Bosnia and Herzegovina"
"UMC","Upper middle income","BIH","Bosnia and Herzegovina"
"WLD","World","BIH","Bosnia and Herzegovina"
"EAR","Early-demographic dividend","BWA","Botswana"
"IBD","IBRD only","BWA","Botswana"
"IBT","IDA & IBRD total","BWA","Botswana"
"LMY","Low & middle income","BWA","Botswana"
"MIC","Middle income","BWA","Botswana"
"OSS","Other small states","BWA","Botswana"
"SSA","Sub-Saharan Africa (excluding high income)","BWA","Botswana"
"SSF","Sub-Saharan Africa","BWA","Botswana"
"SST","Small states","BWA","Botswana"
"TSS","Sub-Saharan Africa (IDA & IBRD)","BWA","Botswana"
"UMC","Upper middle income","BWA","Botswana"
"WLD","World","BWA","Botswana"
"IBD","IBRD only","BRA","Brazil"
"IBT","IDA & IBRD total","BRA","Brazil"
"LAC","Latin America & Caribbean (excluding high income)","BRA","Brazil"
"LCN","Latin America & Caribbean","BRA","Brazil"
"LMY","Low & middle income","BRA","Brazil"
"LTE","Late-demographic dividend","BRA","Brazil"
"MIC","Middle income","BRA","Brazil"
"TLA","Latin America & Caribbean (IDA & IBRD)","BRA","Brazil"
"UMC","Upper middle income","BRA","Brazil"
"WLD","World","BRA","Brazil"
"HIC","High income","VGB","British Virgin Islands"
"LCN","Latin America & Caribbean","VGB","British Virgin Islands"
"WLD","World","VGB","British Virgin Islands"
"EAS","East Asia & Pacific","BRN","Brunei"
"HIC","High income","BRN","Brunei"
"LTE","Late-demographic dividend","BRN","Brunei"
"OSS","Other small states","BRN","Brunei"
"SST","Small states","BRN","Brunei"
"WLD","World","BRN","Brunei"
"CEB","Central Europe and the Baltics","BGR","Bulgaria"
"ECA","Europe & Central Asia (excluding high income)","BGR","Bulgaria"
"ECS","Europe & Central Asia","BGR","Bulgaria"
"EUU","European Union","BGR","Bulgaria"
"IBD","IBRD only","BGR","Bulgaria"
"IBT","IDA & IBRD total","BGR","Bulgaria"
"LMY","Low & middle income","BGR","Bulgaria"
"MIC","Middle income","BGR","Bulgaria"
"PST","Post-demographic dividend","BGR","Bulgaria"
"TEC","Europe & Central Asia (IDA & IBRD)","BGR","Bulgaria"
"UMC","Upper middle income","BGR","Bulgaria"
"WLD","World","BGR","Bulgaria"
"FCS","Fragile and conflict affected situations","BFA","Burkina Faso"
"HPC","Heavily indebted poor countries (HIPC)","BFA","Burkina Faso"
"IBT","IDA & IBRD total","BFA","Burkina Faso"
"IDA","IDA total","BFA","Burkina Faso"
"IDX","IDA only","BFA","Burkina Faso"
"LDC","Least developed countries: UN classification","BFA","Burkina Faso"
"LIC","Low income","BFA","Burkina Faso"
"LMY","Low & middle income","BFA","Burkina Faso"
"PRE","Pre-demographic dividend","BFA","Burkina Faso"
"SSA","Sub-Saharan Africa (excluding high income)","BFA","Burkina Faso"
"SSF","Sub-Saharan Africa","BFA","Burkina Faso"
"TSS","Sub-Saharan Africa (IDA & IBRD)","BFA","Burkina Faso"
"WLD","World","BFA","Burkina Faso"
"FCS","Fragile and conflict affected situations","BDI","Burundi"
"HPC","Heavily indebted poor countries (HIPC)","BDI","Burundi"
"IBT","IDA & IBRD total","BDI","Burundi"
"IDA","IDA total","BDI","Burundi"
"IDX","IDA only","BDI","Burundi"
"LDC","Least developed countries: UN classification","BDI","Burundi"
"LIC","Low income","BDI","Burundi"
"LMY","Low & middle income","BDI","Burundi"
"PRE","Pre-demographic dividend","BDI","Burundi"
"SSA","Sub-Saharan Africa (excluding high income)","BDI","Burundi"
"SSF","Sub-Saharan Africa","BDI","Burundi"
"TSS","Sub-Saharan Africa (IDA & IBRD)","BDI","Burundi"
"WLD","World","BDI","Burundi"
"EAR","Early-demographic dividend","CPV","Cape Verde"
"IBT","IDA & IBRD total","CPV","Cape Verde"
"IDA","IDA total","CPV","Cape Verde"
"IDB","IDA blend","CPV","Cape Verde"
"LMC","Lower middle income","CPV","Cape Verde"
"LMY","Low & middle income","CPV","Cape Verde"
"MIC","Middle income","CPV","Cape Verde"
"OSS","Other small states","CPV","Cape Verde"
"SSA","Sub-Saharan Africa (excluding high income)","CPV","Cape Verde"
"SSF","Sub-Saharan Africa","CPV","Cape Verde"
"SST","Small states","CPV","Cape Verde"
"TSS","Sub-Saharan Africa (IDA & IBRD)","CPV","Cape Verde"
"WLD","World","CPV","Cape Verde"
"EAP","East Asia & Pacific (excluding high income)","KHM","Cambodia"
"EAR","Early-demographic dividend","KHM","Cambodia"
"EAS","East Asia & Pacific","KHM","Cambodia"
"IBT","IDA & IBRD total","KHM","Cambodia"
"IDA","IDA total","KHM","Cambodia"
"IDX","IDA only","KHM","Cambodia"
"LDC","Least developed countries: UN classification","KHM","Cambodia"
"LMC","Lower middle income","KHM","Cambodia"
"LMY","Low & middle income","KHM","Cambodia"
"MIC","Middle income","KHM","Cambodia"
"TEA","East Asia & Pacific (IDA & IBRD)","KHM","Cambodia"
"WLD","World","KHM","Cambodia"
"FCS","Fragile and conflict affected situations","CMR","Cameroon"
"HPC","Heavily indebted poor countries (HIPC)","CMR","Cameroon"
"IBT","IDA & IBRD total","CMR","Cameroon"
"IDA","IDA total","CMR","Cameroon"
"IDB","IDA blend","CMR","Cameroon"
"LMC","Lower middle income","CMR","Cameroon"
"LMY","Low & middle income","CMR","Cameroon"
"MIC","Middle income","CMR","Cameroon"
"PRE","Pre-demographic dividend","CMR","Cameroon"
"SSA","Sub-Saharan Africa (excluding high income)","CMR","Cameroon"
"SSF","Sub-Saharan Africa","CMR","Cameroon"
"TSS","Sub-Saharan Africa (IDA & IBRD)","CMR","Cameroon"
"WLD","World","CMR","Cameroon"
"HIC","High income","CAN","Canada"
"NAC","North America","CAN","Canada"
"OED","OECD members","CAN","Canada"
"PST","Post-demographic dividend","CAN","Canada"
"WLD","World","CAN","Canada"
"HIC","High income","CYM","Cayman Islands"
"LCN","Latin America & Caribbean","CYM","Cayman Islands"
"WLD","World","CYM","Cayman Islands"
"FCS","Fragile and conflict affected situations","CAF","Central African Republic"
"HPC","Heavily indebted poor countries (HIPC)","CAF","Central African Republic"
"IBT","IDA & IBRD total","CAF","Central African Republic"
"IDA","IDA total","CAF","Central African Republic"
"IDX","IDA only","CAF","Central African Republic"
"LDC","Least developed countries: UN classification","CAF","Central African Republic"
"LIC","Low income","CAF","Central African Republic"
"LMY","Low & middle income","CAF","Central African Republic"
"PRE","Pre-demographic dividend","CAF","Central African Republic"
"SSA","Sub-Saharan Africa (excluding high income)","CAF","Central African Republic"
"SSF","Sub-Saharan Africa","CAF","Central African Republic"
"TSS","Sub-Saharan Africa (IDA & IBRD)","CAF","Central African Republic"
"WLD","World","CAF","Central African Republic"
"FCS","Fragile and conflict affected situations","TCD","Chad"
"HPC","Heavily indebted poor countries (HIPC)","TCD","Chad"
"IBT","IDA & IBRD total","TCD","Chad"
"IDA","IDA total","TCD","Chad"
"IDX","IDA only","TCD","Chad"
"LDC","Least developed countries: UN classification","TCD","Chad"
"LIC","Low income","TCD","Chad"
"LMY","Low & middle income","TCD","Chad"
"PRE","Pre-demographic dividend","TCD","Chad"
"SSA","Sub-Saharan Africa (excluding high income)","TCD","Chad"
"SSF","Sub-Saharan Africa","TCD","Chad"
"TSS","Sub-Saharan Africa (IDA & IBRD)","TCD","Chad"
"WLD","World","TCD","Chad"
"ECS","Europe & Central Asia","CHI","Channel Islands"
"HIC","High income","CHI","Channel Islands"
"WLD","World","CHI","Channel Islands"
"HIC","High income","CHL","Chile"
"IBD","IBRD only","CHL","Chile"
"IBT","IDA & IBRD total","CHL","Chile"
"LCN","Latin America & Caribbean","CHL","Chile"
"LTE","Late-demographic dividend","CHL","Chile"
"OED","OECD members","CHL","Chile"
"TLA","Latin America & Caribbean (IDA & IBRD)","CHL","Chile"
"WLD","World","CHL","Chile"
"EAP","East Asia & Pacific (excluding high income)","CHN","China"
"EAS","East Asia & Pacific","CHN","China"
"IBD","IBRD only","CHN","China"
"IBT","IDA & IBRD total","CHN","China"
"LMY","Low & middle income","CHN","China"
"LTE","Late-demographic dividend","CHN","China"
"MIC","Middle income","CHN","China"
"TEA","East Asia & Pacific (IDA & IBRD)","CHN","China"
"UMC","Upper middle income","CHN","China"
"WLD","World","CHN","China"
"IBD","IBRD only","COL","Colombia"
"IBT","IDA & IBRD total","COL","Colombia"
"LAC","Latin America & Caribbean (excluding high income)","COL","Colombia"
"LCN","Latin America & Caribbean","COL","Colombia"
"LMY","Low & middle income","COL","Colombia"
"LTE","Late-demographic dividend","COL","Colombia"
"MIC","Middle income","COL","Colombia"
"OED","OECD members","COL","Colombia"
"TLA","Latin America & Caribbean (IDA & IBRD)","COL","Colombia"
"UMC","Upper middle income","COL","Colombia"
"WLD","World","COL","Colombia"
"ARB","Arab World","COM","Comoros"
"FCS","Fragile and conflict affected situations","COM","Comoros"
"HPC","Heavily indebted poor countries (HIPC)","COM","Comoros"
"IBT","IDA & IBRD total","COM","Comoros"
"IDA","IDA total","COM","Comoros"
"IDX","IDA only","COM","Comoros"
"LDC","Least developed countries: UN classification","COM","Comoros"
"LMC","Lower middle income","COM","Comoros"
"LMY","Low & middle income","COM","Comoros"
"MIC","Middle income","COM","Comoros"
"OSS","Other small states","COM","Comoros"
"PRE","Pre-demographic dividend","COM","Comoros"
"SSA","Sub-Saharan Africa (excluding high income)","COM","Comoros"
"SSF","Sub-Saharan Africa","COM","Comoros"
"SST","Small states","COM","Comoros"
"TSS","Sub-Saharan Africa (IDA & IBRD)","COM","Comoros"
"WLD","World","COM","Comoros"
"FCS","Fragile and conflict affected situations","COD","Democratic Republic of Congo"
"HPC","Heavily indebted poor countries (HIPC)","COD","Democratic Republic of Congo"
"IBT","IDA & IBRD total","COD","Democratic Republic of Congo"
"IDA","IDA total","COD","Democratic Republic of Congo"
"IDX","IDA only","COD","Democratic Republic of Congo"
"LDC","Least developed countries: UN classification","COD","Democratic Republic of Congo"
"LIC","Low income","COD","Democratic Republic of Congo"
"LMY","Low & middle income","COD","Democratic Republic of Congo"
"PRE","Pre-demographic dividend","COD","Democratic Republic of Congo"
"SSA","Sub-Saharan Africa (excluding high income)","COD","Democratic Republic of Congo"
"SSF","Sub-Saharan Africa","COD","Democratic Republic of Congo"
"TSS","Sub-Saharan Africa (IDA & IBRD)","COD","Democratic Republic of Congo"
"WLD","World","COD","Democratic Republic of Congo"
"FCS","Fragile and conflict affected situations","COG","Congo"
"HPC","Heavily indebted poor countries (HIPC)","COG","Congo"
"IBT","IDA & IBRD total","COG","Congo"
"IDA","IDA total","COG","Congo"
"IDB","IDA blend","COG","Congo"
"LMC","Lower middle income","COG","Congo"
"LMY","Low & middle income","COG","Congo"
"MIC","Middle income","COG","Congo"
"PRE","Pre-demographic dividend","COG","Congo"
"SSA","Sub-Saharan Africa (excluding high income)","COG","Congo"
"SSF","Sub-Saharan Africa","COG","Congo"
"TSS","Sub-Saharan Africa (IDA & IBRD)","COG","Congo"
"WLD","World","COG","Congo"
"IBD","IBRD only","CRI","Costa Rica"
"IBT","IDA & IBRD total","CRI","Costa Rica"
"OED","OECD members","CRI","Costa Rica"
"LAC","Latin America & Caribbean (excluding high income)","CRI","Costa Rica"
"LCN","Latin America & Caribbean","CRI","Costa Rica"
"LMY","Low & middle income","CRI","Costa Rica"
"LTE","Late-demographic dividend","CRI","Costa Rica"
"MIC","Middle income","CRI","Costa Rica"
"TLA","Latin America & Caribbean (IDA & IBRD)","CRI","Costa Rica"
"UMC","Upper middle income","CRI","Costa Rica"
"WLD","World","CRI","Costa Rica"
"HPC","Heavily indebted poor countries (HIPC)","CIV","Cote d'Ivoire"
"IBT","IDA & IBRD total","CIV","Cote d'Ivoire"
"IDA","IDA total","CIV","Cote d'Ivoire"
"IDX","IDA only","CIV","Cote d'Ivoire"
"LMC","Lower middle income","CIV","Cote d'Ivoire"
"LMY","Low & middle income","CIV","Cote d'Ivoire"
"MIC","Middle income","CIV","Cote d'Ivoire"
"PRE","Pre-demographic dividend","CIV","Cote d'Ivoire"
"SSA","Sub-Saharan Africa (excluding high income)","CIV","Cote d'Ivoire"
"SSF","Sub-Saharan Africa","CIV","Cote d'Ivoire"
"TSS","Sub-Saharan Africa (IDA & IBRD)","CIV","Cote d'Ivoire"
"WLD","World","CIV","Cote d'Ivoire"
"CEB","Central Europe and the Baltics","HRV","Croatia"
"ECS","Europe & Central Asia","HRV","Croatia"
"EUU","European Union","HRV","Croatia"
"HIC","High income","HRV","Croatia"
"IBD","IBRD only","HRV","Croatia"
"IBT","IDA & IBRD total","HRV","Croatia"
"PST","Post-demographic dividend","HRV","Croatia"
"TEC","Europe & Central Asia (IDA & IBRD)","HRV","Croatia"
"WLD","World","HRV","Croatia"
"LAC","Latin America & Caribbean (excluding high income)","CUB","Cuba"
"LCN","Latin America & Caribbean","CUB","Cuba"
"LMY","Low & middle income","CUB","Cuba"
"MIC","Middle income","CUB","Cuba"
"PST","Post-demographic dividend","CUB","Cuba"
"UMC","Upper middle income","CUB","Cuba"
"WLD","World","CUB","Cuba"
"HIC","High income","CUW","Curacao"
"LCN","Latin America & Caribbean","CUW","Curacao"
"WLD","World","CUW","Curacao"
"ECS","Europe & Central Asia","CYP","Cyprus"
"EMU","Euro area","CYP","Cyprus"
"EUU","European Union","CYP","Cyprus"
"HIC","High income","CYP","Cyprus"
"LTE","Late-demographic dividend","CYP","Cyprus"
"OSS","Other small states","CYP","Cyprus"
"SST","Small states","CYP","Cyprus"
"WLD","World","CYP","Cyprus"
"CEB","Central Europe and the Baltics","CZE","Czech Republic"
"ECS","Europe & Central Asia","CZE","Czech Republic"
"EUU","European Union","CZE","Czech Republic"
"HIC","High income","CZE","Czech Republic"
"OED","OECD members","CZE","Czech Republic"
"PST","Post-demographic dividend","CZE","Czech Republic"
"WLD","World","CZE","Czech Republic"
"ECS","Europe & Central Asia","DNK","Denmark"
"EUU","European Union","DNK","Denmark"
"HIC","High income","DNK","Denmark"
"OED","OECD members","DNK","Denmark"
"PST","Post-demographic dividend","DNK","Denmark"
"WLD","World","DNK","Denmark"
"ARB","Arab World","DJI","Djibouti"
"EAR","Early-demographic dividend","DJI","Djibouti"
"IBT","IDA & IBRD total","DJI","Djibouti"
"IDA","IDA total","DJI","Djibouti"
"IDX","IDA only","DJI","Djibouti"
"LDC","Least developed countries: UN classification","DJI","Djibouti"
"LMC","Lower middle income","DJI","Djibouti"
"LMY","Low & middle income","DJI","Djibouti"
"MEA","Middle East & North Africa","DJI","Djibouti"
"MIC","Middle income","DJI","Djibouti"
"MNA","Middle East & North Africa (excluding high income)","DJI","Djibouti"
"OSS","Other small states","DJI","Djibouti"
"SST","Small states","DJI","Djibouti"
"TMN","Middle East & North Africa (IDA & IBRD)","DJI","Djibouti"
"WLD","World","DJI","Djibouti"
"CSS","Caribbean small states","DMA","Dominica"
"IBT","IDA & IBRD total","DMA","Dominica"
"IDA","IDA total","DMA","Dominica"
"IDB","IDA blend","DMA","Dominica"
"LAC","Latin America & Caribbean (excluding high income)","DMA","Dominica"
"LCN","Latin America & Caribbean","DMA","Dominica"
"LMY","Low & middle income","DMA","Dominica"
"MIC","Middle income","DMA","Dominica"
"SST","Small states","DMA","Dominica"
"TLA","Latin America & Caribbean (IDA & IBRD)","DMA","Dominica"
"UMC","Upper middle income","DMA","Dominica"
"WLD","World","DMA","Dominica"
"EAR","Early-demographic dividend","DOM","Dominican Republic"
"IBD","IBRD only","DOM","Dominican Republic"
"IBT","IDA & IBRD total","DOM","Dominican Republic"
"LAC","Latin America & Caribbean (excluding high income)","DOM","Dominican Republic"
"LCN","Latin America & Caribbean","DOM","Dominican Republic"
"LMY","Low & middle income","DOM","Dominican Republic"
"MIC","Middle income","DOM","Dominican Republic"
"TLA","Latin America & Caribbean (IDA & IBRD)","DOM","Dominican Republic"
"UMC","Upper middle income","DOM","Dominican Republic"
"WLD","World","DOM","Dominican Republic"
"EAR","Early-demographic dividend","ECU","Ecuador"
"IBD","IBRD only","ECU","Ecuador"
"IBT","IDA & IBRD total","ECU","Ecuador"
"LAC","Latin America & Caribbean (excluding high income)","ECU","Ecuador"
"LCN","Latin America & Caribbean","ECU","Ecuador"
"LMY","Low & middle income","ECU","Ecuador"
"MIC","Middle income","ECU","Ecuador"
"TLA","Latin America & Caribbean (IDA & IBRD)","ECU","Ecuador"
"UMC","Upper middle income","ECU","Ecuador"
"WLD","World","ECU","Ecuador"
"ARB","Arab World","EGY","Egypt"
"EAR","Early-demographic dividend","EGY","Egypt"
"IBD","IBRD only","EGY","Egypt"
"IBT","IDA & IBRD total","EGY","Egypt"
"LMC","Lower middle income","EGY","Egypt"
"LMY","Low & middle income","EGY","Egypt"
"MEA","Middle East & North Africa","EGY","Egypt"
"MIC","Middle income","EGY","Egypt"
"MNA","Middle East & North Africa (excluding high income)","EGY","Egypt"
"TMN","Middle East & North Africa (IDA & IBRD)","EGY","Egypt"
"WLD","World","EGY","Egypt"
"EAR","Early-demographic dividend","SLV","El Salvador"
"IBD","IBRD only","SLV","El Salvador"
"IBT","IDA & IBRD total","SLV","El Salvador"
"LAC","Latin America & Caribbean (excluding high income)","SLV","El Salvador"
"LCN","Latin America & Caribbean","SLV","El Salvador"
"LMC","Lower middle income","SLV","El Salvador"
"LMY","Low & middle income","SLV","El Salvador"
"MIC","Middle income","SLV","El Salvador"
"TLA","Latin America & Caribbean (IDA & IBRD)","SLV","El Salvador"
"WLD","World","SLV","El Salvador"
"IBD","IBRD only","GNQ","Equatorial Guinea"
"IBT","IDA & IBRD total","GNQ","Equatorial Guinea"
"LMY","Low & middle income","GNQ","Equatorial Guinea"
"MIC","Middle income","GNQ","Equatorial Guinea"
"OSS","Other small states","GNQ","Equatorial Guinea"
"PRE","Pre-demographic dividend","GNQ","Equatorial Guinea"
"SSA","Sub-Saharan Africa (excluding high income)","GNQ","Equatorial Guinea"
"SSF","Sub-Saharan Africa","GNQ","Equatorial Guinea"
"SST","Small states","GNQ","Equatorial Guinea"
"TSS","Sub-Saharan Africa (IDA & IBRD)","GNQ","Equatorial Guinea"
"UMC","Upper middle income","GNQ","Equatorial Guinea"
"WLD","World","GNQ","Equatorial Guinea"
"FCS","Fragile and conflict affected situations","ERI","Eritrea"
"HPC","Heavily indebted poor countries (HIPC)","ERI","Eritrea"
"IBT","IDA & IBRD total","ERI","Eritrea"
"IDA","IDA total","ERI","Eritrea"
"IDX","IDA only","ERI","Eritrea"
"LDC","Least developed countries: UN classification","ERI","Eritrea"
"LIC","Low income","ERI","Eritrea"
"LMY","Low & middle income","ERI","Eritrea"
"PRE","Pre-demographic dividend","ERI","Eritrea"
"SSA","Sub-Saharan Africa (excluding high income)","ERI","Eritrea"
"SSF","Sub-Saharan Africa","ERI","Eritrea"
"TSS","Sub-Saharan Africa (IDA & IBRD)","ERI","Eritrea"
"WLD","World","ERI","Eritrea"
"CEB","Central Europe and the Baltics","EST","Estonia"
"ECS","Europe & Central Asia","EST","Estonia"
"EMU","Euro area","EST","Estonia"
"EUU","European Union","EST","Estonia"
"HIC","High income","EST","Estonia"
"LTE","Late-demographic dividend","EST","Estonia"
"OED","OECD members","EST","Estonia"
"OSS","Other small states","EST","Estonia"
"SST","Small states","EST","Estonia"
"WLD","World","EST","Estonia"
"EAR","Early-demographic dividend","SWZ","Eswatini"
"IBD","IBRD only","SWZ","Eswatini"
"IBT","IDA & IBRD total","SWZ","Eswatini"
"LMC","Lower middle income","SWZ","Eswatini"
"LMY","Low & middle income","SWZ","Eswatini"
"MIC","Middle income","SWZ","Eswatini"
"OSS","Other small states","SWZ","Eswatini"
"SSA","Sub-Saharan Africa (excluding high income)","SWZ","Eswatini"
"SSF","Sub-Saharan Africa","SWZ","Eswatini"
"SST","Small states","SWZ","Eswatini"
"TSS","Sub-Saharan Africa (IDA & IBRD)","SWZ","Eswatini"
"WLD","World","SWZ","Eswatini"
"EAR","Early-demographic dividend","ETH","Ethiopia"
"HPC","Heavily indebted poor countries (HIPC)","ETH","Ethiopia"
"IBT","IDA & IBRD total","ETH","Ethiopia"
"IDA","IDA total","ETH","Ethiopia"
"IDX","IDA only","ETH","Ethiopia"
"LDC","Least developed countries: UN classification","ETH","Ethiopia"
"LIC","Low income","ETH","Ethiopia"
"LMY","Low & middle income","ETH","Ethiopia"
"SSA","Sub-Saharan Africa (excluding high income)","ETH","Ethiopia"
"SSF","Sub-Saharan Africa","ETH","Ethiopia"
"TSS","Sub-Saharan Africa (IDA & IBRD)","ETH","Ethiopia"
"WLD","World","ETH","Ethiopia"
"ECS","Europe & Central Asia","FRO","Faroe Islands"
"HIC","High income","FRO","Faroe Islands"
"WLD","World","FRO","Faroe Islands"
"EAP","East Asia & Pacific (excluding high income)","FJI","Fiji"
"EAS","East Asia & Pacific","FJI","Fiji"
"IBT","IDA & IBRD total","FJI","Fiji"
"IDA","IDA total","FJI","Fiji"
"IDB","IDA blend","FJI","Fiji"
"LMY","Low & middle income","FJI","Fiji"
"LTE","Late-demographic dividend","FJI","Fiji"
"MIC","Middle income","FJI","Fiji"
"PSS","Pacific island small states","FJI","Fiji"
"SST","Small states","FJI","Fiji"
"TEA","East Asia & Pacific (IDA & IBRD)","FJI","Fiji"
"UMC","Upper middle income","FJI","Fiji"
"WLD","World","FJI","Fiji"
"ECS","Europe & Central Asia","FIN","Finland"
"EMU","Euro area","FIN","Finland"
"EUU","European Union","FIN","Finland"
"HIC","High income","FIN","Finland"
"OED","OECD members","FIN","Finland"
"PST","Post-demographic dividend","FIN","Finland"
"WLD","World","FIN","Finland"
"ECS","Europe & Central Asia","FRA","France"
"EMU","Euro area","FRA","France"
"EUU","European Union","FRA","France"
"HIC","High income","FRA","France"
"OED","OECD members","FRA","France"
"PST","Post-demographic dividend","FRA","France"
"WLD","World","FRA","France"
"EAS","East Asia & Pacific","PYF","French Polynesia"
"HIC","High income","PYF","French Polynesia"
"LTE","Late-demographic dividend","PYF","French Polynesia"
"WLD","World","PYF","French Polynesia"
"EAR","Early-demographic dividend","GAB","Gabon"
"IBD","IBRD only","GAB","Gabon"
"IBT","IDA & IBRD total","GAB","Gabon"
"LMY","Low & middle income","GAB","Gabon"
"MIC","Middle income","GAB","Gabon"
"OSS","Other small states","GAB","Gabon"
"SSA","Sub-Saharan Africa (excluding high income)","GAB","Gabon"
"SSF","Sub-Saharan Africa","GAB","Gabon"
"SST","Small states","GAB","Gabon"
"TSS","Sub-Saharan Africa (IDA & IBRD)","GAB","Gabon"
"UMC","Upper middle income","GAB","Gabon"
"WLD","World","GAB","Gabon"
"FCS","Fragile and conflict affected situations","GMB","Gambia"
"HPC","Heavily indebted poor countries (HIPC)","GMB","Gambia"
"IBT","IDA & IBRD total","GMB","Gambia"
"IDA","IDA total","GMB","Gambia"
"IDX","IDA only","GMB","Gambia"
"LDC","Least developed countries: UN classification","GMB","Gambia"
"LIC","Low income","GMB","Gambia"
"LMY","Low & middle income","GMB","Gambia"
"OSS","Other small states","GMB","Gambia"
"PRE","Pre-demographic dividend","GMB","Gambia"
"SSA","Sub-Saharan Africa (excluding high income)","GMB","Gambia"
"SSF","Sub-Saharan Africa","GMB","Gambia"
"SST","Small states","GMB","Gambia"
"TSS","Sub-Saharan Africa (IDA & IBRD)","GMB","Gambia"
"WLD","World","GMB","Gambia"
"ECA","Europe & Central Asia (excluding high income)","GEO","Georgia"
"ECS","Europe & Central Asia","GEO","Georgia"
"IBD","IBRD only","GEO","Georgia"
"IBT","IDA & IBRD total","GEO","Georgia"
"LMY","Low & middle income","GEO","Georgia"
"LTE","Late-demographic dividend","GEO","Georgia"
"MIC","Middle income","GEO","Georgia"
"TEC","Europe & Central Asia (IDA & IBRD)","GEO","Georgia"
"UMC","Upper middle income","GEO","Georgia"
"WLD","World","GEO","Georgia"
"ECS","Europe & Central Asia","DEU","Germany"
"EMU","Euro area","DEU","Germany"
"EUU","European Union","DEU","Germany"
"HIC","High income","DEU","Germany"
"OED","OECD members","DEU","Germany"
"PST","Post-demographic dividend","DEU","Germany"
"WLD","World","DEU","Germany"
"EAR","Early-demographic dividend","GHA","Ghana"
"HPC","Heavily indebted poor countries (HIPC)","GHA","Ghana"
"IBT","IDA & IBRD total","GHA","Ghana"
"IDA","IDA total","GHA","Ghana"
"IDX","IDA only","GHA","Ghana"
"LMC","Lower middle income","GHA","Ghana"
"LMY","Low & middle income","GHA","Ghana"
"MIC","Middle income","GHA","Ghana"
"SSA","Sub-Saharan Africa (excluding high income)","GHA","Ghana"
"SSF","Sub-Saharan Africa","GHA","Ghana"
"TSS","Sub-Saharan Africa (IDA & IBRD)","GHA","Ghana"
"WLD","World","GHA","Ghana"
"ECS","Europe & Central Asia","GIB","Gibraltar"
"HIC","High income","GIB","Gibraltar"
"WLD","World","GIB","Gibraltar"
"ECS","Europe & Central Asia","GRC","Greece"
"EMU","Euro area","GRC","Greece"
"EUU","European Union","GRC","Greece"
"HIC","High income","GRC","Greece"
"OED","OECD members","GRC","Greece"
"PST","Post-demographic dividend","GRC","Greece"
"WLD","World","GRC","Greece"
"ECS","Europe & Central Asia","GRL","Greenland"
"HIC","High income","GRL","Greenland"
"WLD","World","GRL","Greenland"
"CSS","Caribbean small states","GRD","Grenada"
"EAR","Early-demographic dividend","GRD","Grenada"
"IBT","IDA & IBRD total","GRD","Grenada"
"IDA","IDA total","GRD","Grenada"
"IDB","IDA blend","GRD","Grenada"
"LAC","Latin America & Caribbean (excluding high income)","GRD","Grenada"
"LCN","Latin America & Caribbean","GRD","Grenada"
"LMY","Low & middle income","GRD","Grenada"
"MIC","Middle income","GRD","Grenada"
"SST","Small states","GRD","Grenada"
"TLA","Latin America & Caribbean (IDA & IBRD)","GRD","Grenada"
"UMC","Upper middle income","GRD","Grenada"
"WLD","World","GRD","Grenada"
"EAS","East Asia & Pacific","GUM","Guam"
"HIC","High income","GUM","Guam"
"LTE","Late-demographic dividend","GUM","Guam"
"WLD","World","GUM","Guam"
"EAR","Early-demographic dividend","GTM","Guatemala"
"IBD","IBRD only","GTM","Guatemala"
"IBT","IDA & IBRD total","GTM","Guatemala"
"LAC","Latin America & Caribbean (excluding high income)","GTM","Guatemala"
"LCN","Latin America & Caribbean","GTM","Guatemala"
"LMY","Low & middle income","GTM","Guatemala"
"MIC","Middle income","GTM","Guatemala"
"TLA","Latin America & Caribbean (IDA & IBRD)","GTM","Guatemala"
"UMC","Upper middle income","GTM","Guatemala"
"WLD","World","GTM","Guatemala"
"HPC","Heavily indebted poor countries (HIPC)","GIN","Guinea"
"IBT","IDA & IBRD total","GIN","Guinea"
"IDA","IDA total","GIN","Guinea"
"IDX","IDA only","GIN","Guinea"
"LDC","Least developed countries: UN classification","GIN","Guinea"
"LIC","Low income","GIN","Guinea"
"LMY","Low & middle income","GIN","Guinea"
"PRE","Pre-demographic dividend","GIN","Guinea"
"SSA","Sub-Saharan Africa (excluding high income)","GIN","Guinea"
"SSF","Sub-Saharan Africa","GIN","Guinea"
"TSS","Sub-Saharan Africa (IDA & IBRD)","GIN","Guinea"
"WLD","World","GIN","Guinea"
"FCS","Fragile and conflict affected situations","GNB","Guinea-Bissau"
"HPC","Heavily indebted poor countries (HIPC)","GNB","Guinea-Bissau"
"IBT","IDA & IBRD total","GNB","Guinea-Bissau"
"IDA","IDA total","GNB","Guinea-Bissau"
"IDX","IDA only","GNB","Guinea-Bissau"
"LDC","Least developed countries: UN classification","GNB","Guinea-Bissau"
"LIC","Low income","GNB","Guinea-Bissau"
"LMY","Low & middle income","GNB","Guinea-Bissau"
"OSS","Other small states","GNB","Guinea-Bissau"
"PRE","Pre-demographic dividend","GNB","Guinea-Bissau"
"SSA","Sub-Saharan Africa (excluding high income)","GNB","Guinea-Bissau"
"SSF","Sub-Saharan Africa","GNB","Guinea-Bissau"
"SST","Small states","GNB","Guinea-Bissau"
"TSS","Sub-Saharan Africa (IDA & IBRD)","GNB","Guinea-Bissau"
"WLD","World","GNB","Guinea-Bissau"
"CSS","Caribbean small states","GUY","Guyana"
"HPC","Heavily indebted poor countries (HIPC)","GUY","Guyana"
"IBT","IDA & IBRD total","GUY","Guyana"
"IDA","IDA total","GUY","Guyana"
"IDX","IDA only","GUY","Guyana"
"LAC","Latin America & Caribbean (excluding high income)","GUY","Guyana"
"LCN","Latin America & Caribbean","GUY","Guyana"
"LMY","Low & middle income","GUY","Guyana"
"LTE","Late-demographic dividend","GUY","Guyana"
"MIC","Middle income","GUY","Guyana"
"SST","Small states","GUY","Guyana"
"TLA","Latin America & Caribbean (IDA & IBRD)","GUY","Guyana"
"UMC","Upper middle income","GUY","Guyana"
"WLD","World","GUY","Guyana"
"EAR","Early-demographic dividend","HTI","Haiti"
"FCS","Fragile and conflict affected situations","HTI","Haiti"
"HPC","Heavily indebted poor countries (HIPC)","HTI","Haiti"
"IBT","IDA & IBRD total","HTI","Haiti"
"IDA","IDA total","HTI","Haiti"
"IDX","IDA only","HTI","Haiti"
"LAC","Latin America & Caribbean (excluding high income)","HTI","Haiti"
"LCN","Latin America & Caribbean","HTI","Haiti"
"LDC","Least developed countries: UN classification","HTI","Haiti"
"LIC","Low income","HTI","Haiti"
"LMY","Low & middle income","HTI","Haiti"
"TLA","Latin America & Caribbean (IDA & IBRD)","HTI","Haiti"
"WLD","World","HTI","Haiti"
"EAR","Early-demographic dividend","HND","Honduras"
"HPC","Heavily indebted poor countries (HIPC)","HND","Honduras"
"IBT","IDA & IBRD total","HND","Honduras"
"IDA","IDA total","HND","Honduras"
"IDX","IDA only","HND","Honduras"
"LAC","Latin America & Caribbean (excluding high income)","HND","Honduras"
"LCN","Latin America & Caribbean","HND","Honduras"
"LMC","Lower middle income","HND","Honduras"
"LMY","Low & middle income","HND","Honduras"
"MIC","Middle income","HND","Honduras"
"TLA","Latin America & Caribbean (IDA & IBRD)","HND","Honduras"
"WLD","World","HND","Honduras"
"EAS","East Asia & Pacific","HKG","Hong Kong SAR, China"
"HIC","High income","HKG","Hong Kong SAR, China"
"PST","Post-demographic dividend","HKG","Hong Kong SAR, China"
"WLD","World","HKG","Hong Kong SAR, China"
"CEB","Central Europe and the Baltics","HUN","Hungary"
"ECS","Europe & Central Asia","HUN","Hungary"
"EUU","European Union","HUN","Hungary"
"HIC","High income","HUN","Hungary"
"OED","OECD members","HUN","Hungary"
"PST","Post-demographic dividend","HUN","Hungary"
"WLD","World","HUN","Hungary"
"ECS","Europe & Central Asia","ISL","Iceland"
"HIC","High income","ISL","Iceland"
"LTE","Late-demographic dividend","ISL","Iceland"
"OED","OECD members","ISL","Iceland"
"OSS","Other small states","ISL","Iceland"
"SST","Small states","ISL","Iceland"
"WLD","World","ISL","Iceland"
"EAR","Early-demographic dividend","IND","India"
"IBD","IBRD only","IND","India"
"IBT","IDA & IBRD total","IND","India"
"LMC","Lower middle income","IND","India"
"LMY","Low & middle income","IND","India"
"MIC","Middle income","IND","India"
"SAS","South Asia","IND","India"
"TSA","South Asia (IDA & IBRD)","IND","India"
"WLD","World","IND","India"
"EAP","East Asia & Pacific (excluding high income)","IDN","Indonesia"
"EAR","Early-demographic dividend","IDN","Indonesia"
"EAS","East Asia & Pacific","IDN","Indonesia"
"IBD","IBRD only","IDN","Indonesia"
"IBT","IDA & IBRD total","IDN","Indonesia"
"LMY","Low & middle income","IDN","Indonesia"
"MIC","Middle income","IDN","Indonesia"
"TEA","East Asia & Pacific (IDA & IBRD)","IDN","Indonesia"
"UMC","Upper middle income","IDN","Indonesia"
"WLD","World","IDN","Indonesia"
"EAR","Early-demographic dividend","IRN","Iran"
"IBD","IBRD only","IRN","Iran"
"IBT","IDA & IBRD total","IRN","Iran"
"LMY","Low & middle income","IRN","Iran"
"MEA","Middle East & North Africa","IRN","Iran"
"MIC","Middle income","IRN","Iran"
"MNA","Middle East & North Africa (excluding high income)","IRN","Iran"
"TMN","Middle East & North Africa (IDA & IBRD)","IRN","Iran"
"UMC","Upper middle income","IRN","Iran"
"WLD","World","IRN","Iran"
"ARB","Arab World","IRQ","Iraq"
"FCS","Fragile and conflict affected situations","IRQ","Iraq"
"IBD","IBRD only","IRQ","Iraq"
"IBT","IDA & IBRD total","IRQ","Iraq"
"LMY","Low & middle income","IRQ","Iraq"
"MEA","Middle East & North Africa","IRQ","Iraq"
"MIC","Middle income","IRQ","Iraq"
"MNA","Middle East & North Africa (excluding high income)","IRQ","Iraq"
"PRE","Pre-demographic dividend","IRQ","Iraq"
"TMN","Middle East & North Africa (IDA & IBRD)","IRQ","Iraq"
"UMC","Upper middle income","IRQ","Iraq"
"WLD","World","IRQ","Iraq"
"ECS","Europe & Central Asia","IRL","Ireland"
"EMU","Euro area","IRL","Ireland"
"EUU","European Union","IRL","Ireland"
"HIC","High income","IRL","Ireland"
"LTE","Late-demographic dividend","IRL","Ireland"
"OED","OECD members","IRL","Ireland"
"WLD","World","IRL","Ireland"
"ECS","Europe & Central Asia","IMN","Isle of Man"
"HIC","High income","IMN","Isle of Man"
"WLD","World","IMN","Isle of Man"
"EAR","Early-demographic dividend","ISR","Israel"
"HIC","High income","ISR","Israel"
"MEA","Middle East & North Africa","ISR","Israel"
"OED","OECD members","ISR","Israel"
"WLD","World","ISR","Israel"
"ECS","Europe & Central Asia","ITA","Italy"
"EMU","Euro area","ITA","Italy"
"EUU","European Union","ITA","Italy"
"HIC","High income","ITA","Italy"
"OED","OECD members","ITA","Italy"
"PST","Post-demographic dividend","ITA","Italy"
"WLD","World","ITA","Italy"
"CSS","Caribbean small states","JAM","Jamaica"
"IBD","IBRD only","JAM","Jamaica"
"IBT","IDA & IBRD total","JAM","Jamaica"
"LAC","Latin America & Caribbean (excluding high income)","JAM","Jamaica"
"LCN","Latin America & Caribbean","JAM","Jamaica"
"LMY","Low & middle income","JAM","Jamaica"
"LTE","Late-demographic dividend","JAM","Jamaica"
"MIC","Middle income","JAM","Jamaica"
"SST","Small states","JAM","Jamaica"
"TLA","Latin America & Caribbean (IDA & IBRD)","JAM","Jamaica"
"UMC","Upper middle income","JAM","Jamaica"
"WLD","World","JAM","Jamaica"
"EAS","East Asia & Pacific","JPN","Japan"
"HIC","High income","JPN","Japan"
"OED","OECD members","JPN","Japan"
"PST","Post-demographic dividend","JPN","Japan"
"WLD","World","JPN","Japan"
"ARB","Arab World","JOR","Jordan"
"EAR","Early-demographic dividend","JOR","Jordan"
"IBD","IBRD only","JOR","Jordan"
"IBT","IDA & IBRD total","JOR","Jordan"
"LMY","Low & middle income","JOR","Jordan"
"MEA","Middle East & North Africa","JOR","Jordan"
"MIC","Middle income","JOR","Jordan"
"MNA","Middle East & North Africa (excluding high income)","JOR","Jordan"
"TMN","Middle East & North Africa (IDA & IBRD)","JOR","Jordan"
"UMC","Upper middle income","JOR","Jordan"
"WLD","World","JOR","Jordan"
"ECA","Europe & Central Asia (excluding high income)","KAZ","Kazakhstan"
"ECS","Europe & Central Asia","KAZ","Kazakhstan"
"IBD","IBRD only","KAZ","Kazakhstan"
"IBT","IDA & IBRD total","KAZ","Kazakhstan"
"LMY","Low & middle income","KAZ","Kazakhstan"
"LTE","Late-demographic dividend","KAZ","Kazakhstan"
"MIC","Middle income","KAZ","Kazakhstan"
"TEC","Europe & Central Asia (IDA & IBRD)","KAZ","Kazakhstan"
"UMC","Upper middle income","KAZ","Kazakhstan"
"WLD","World","KAZ","Kazakhstan"
"IBT","IDA & IBRD total","KEN","Kenya"
"IDA","IDA total","KEN","Kenya"
"IDB","IDA blend","KEN","Kenya"
"LMC","Lower middle income","KEN","Kenya"
"LMY","Low & middle income","KEN","Kenya"
"MIC","Middle income","KEN","Kenya"
"PRE","Pre-demographic dividend","KEN","Kenya"
"SSA","Sub-Saharan Africa (excluding high income)","KEN","Kenya"
"SSF","Sub-Saharan Africa","KEN","Kenya"
"TSS","Sub-Saharan Africa (IDA & IBRD)","KEN","Kenya"
"WLD","World","KEN","Kenya"
"EAP","East Asia & Pacific (excluding high income)","KIR","Kiribati"
"EAR","Early-demographic dividend","KIR","Kiribati"
"EAS","East Asia & Pacific","KIR","Kiribati"
"FCS","Fragile and conflict affected situations","KIR","Kiribati"
"IBT","IDA & IBRD total","KIR","Kiribati"
"IDA","IDA total","KIR","Kiribati"
"IDX","IDA only","KIR","Kiribati"
"LDC","Least developed countries: UN classification","KIR","Kiribati"
"LMC","Lower middle income","KIR","Kiribati"
"LMY","Low & middle income","KIR","Kiribati"
"MIC","Middle income","KIR","Kiribati"
"PSS","Pacific island small states","KIR","Kiribati"
"SST","Small states","KIR","Kiribati"
"TEA","East Asia & Pacific (IDA & IBRD)","KIR","Kiribati"
"WLD","World","KIR","Kiribati"
"EAP","East Asia & Pacific (excluding high income)","PRK","North Korea"
"EAS","East Asia & Pacific","PRK","North Korea"
"LIC","Low income","PRK","North Korea"
"LMY","Low & middle income","PRK","North Korea"
"LTE","Late-demographic dividend","PRK","North Korea"
"WLD","World","PRK","North Korea"
"EAS","East Asia & Pacific","KOR","South Korea"
"HIC","High income","KOR","South Korea"
"OED","OECD members","KOR","South Korea"
"PST","Post-demographic dividend","KOR","South Korea"
"WLD","World","KOR","South Korea"
"ECA","Europe & Central Asia (excluding high income)","XKX","Kosovo"
"ECS","Europe & Central Asia","XKX","Kosovo"
"FCS","Fragile and conflict affected situations","XKX","Kosovo"
"IBT","IDA & IBRD total","XKX","Kosovo"
"IDA","IDA total","XKX","Kosovo"
"IDX","IDA only","XKX","Kosovo"
"LMY","Low & middle income","XKX","Kosovo"
"MIC","Middle income","XKX","Kosovo"
"TEC","Europe & Central Asia (IDA & IBRD)","XKX","Kosovo"
"UMC","Upper middle income","XKX","Kosovo"
"WLD","World","XKX","Kosovo"
"ARB","Arab World","KWT","Kuwait"
"HIC","High income","KWT","Kuwait"
"LTE","Late-demographic dividend","KWT","Kuwait"
"MEA","Middle East & North Africa","KWT","Kuwait"
"WLD","World","KWT","Kuwait"
"ECA","Europe & Central Asia (excluding high income)","KGZ","Kyrgyz Republic"
"ECS","Europe & Central Asia","KGZ","Kyrgyz Republic"
"IBT","IDA & IBRD total","KGZ","Kyrgyz Republic"
"IDA","IDA total","KGZ","Kyrgyz Republic"
"IDX","IDA only","KGZ","Kyrgyz Republic"
"LMC","Lower middle income","KGZ","Kyrgyz Republic"
"LMY","Low & middle income","KGZ","Kyrgyz Republic"
"LTE","Late-demographic dividend","KGZ","Kyrgyz Republic"
"MIC","Middle income","KGZ","Kyrgyz Republic"
"TEC","Europe & Central Asia (IDA & IBRD)","KGZ","Kyrgyz Republic"
"WLD","World","KGZ","Kyrgyz Republic"
"EAP","East Asia & Pacific (excluding high income)","LAO","Laos"
"EAR","Early-demographic dividend","LAO","Laos"
"EAS","East Asia & Pacific","LAO","Laos"
"IBT","IDA & IBRD total","LAO","Laos"
"IDA","IDA total","LAO","Laos"
"IDX","IDA only","LAO","Laos"
"LDC","Least developed countries: UN classification","LAO","Laos"
"LMC","Lower middle income","LAO","Laos"
"LMY","Low & middle income","LAO","Laos"
"MIC","Middle income","LAO","Laos"
"TEA","East Asia & Pacific (IDA & IBRD)","LAO","Laos"
"WLD","World","LAO","Laos"
"CEB","Central Europe and the Baltics","LVA","Latvia"
"ECS","Europe & Central Asia","LVA","Latvia"
"EMU","Euro area","LVA","Latvia"
"EUU","European Union","LVA","Latvia"
"HIC","High income","LVA","Latvia"
"LTE","Late-demographic dividend","LVA","Latvia"
"OED","OECD members","LVA","Latvia"
"WLD","World","LVA","Latvia"
"ARB","Arab World","LBN","Lebanon"
"FCS","Fragile and conflict affected situations","LBN","Lebanon"
"IBD","IBRD only","LBN","Lebanon"
"IBT","IDA & IBRD total","LBN","Lebanon"
"LMY","Low & middle income","LBN","Lebanon"
"LTE","Late-demographic dividend","LBN","Lebanon"
"MEA","Middle East & North Africa","LBN","Lebanon"
"MIC","Middle income","LBN","Lebanon"
"MNA","Middle East & North Africa (excluding high income)","LBN","Lebanon"
"TMN","Middle East & North Africa (IDA & IBRD)","LBN","Lebanon"
"UMC","Upper middle income","LBN","Lebanon"
"WLD","World","LBN","Lebanon"
"EAR","Early-demographic dividend","LSO","Lesotho"
"IBT","IDA & IBRD total","LSO","Lesotho"
"IDA","IDA total","LSO","Lesotho"
"IDX","IDA only","LSO","Lesotho"
"LDC","Least developed countries: UN classification","LSO","Lesotho"
"LMC","Lower middle income","LSO","Lesotho"
"LMY","Low & middle income","LSO","Lesotho"
"MIC","Middle income","LSO","Lesotho"
"OSS","Other small states","LSO","Lesotho"
"SSA","Sub-Saharan Africa (excluding high income)","LSO","Lesotho"
"SSF","Sub-Saharan Africa","LSO","Lesotho"
"SST","Small states","LSO","Lesotho"
"TSS","Sub-Saharan Africa (IDA & IBRD)","LSO","Lesotho"
"WLD","World","LSO","Lesotho"
"FCS","Fragile and conflict affected situations","LBR","Liberia"
"HPC","Heavily indebted poor countries (HIPC)","LBR","Liberia"
"IBT","IDA & IBRD total","LBR","Liberia"
"IDA","IDA total","LBR","Liberia"
"IDX","IDA only","LBR","Liberia"
"LDC","Least developed countries: UN classification","LBR","Liberia"
"LIC","Low income","LBR","Liberia"
"LMY","Low & middle income","LBR","Liberia"
"PRE","Pre-demographic dividend","LBR","Liberia"
"SSA","Sub-Saharan Africa (excluding high income)","LBR","Liberia"
"SSF","Sub-Saharan Africa","LBR","Liberia"
"TSS","Sub-Saharan Africa (IDA & IBRD)","LBR","Liberia"
"WLD","World","LBR","Liberia"
"ARB","Arab World","LBY","Libya"
"EAR","Early-demographic dividend","LBY","Libya"
"FCS","Fragile and conflict affected situations","LBY","Libya"
"IBD","IBRD only","LBY","Libya"
"IBT","IDA & IBRD total","LBY","Libya"
"LMY","Low & middle income","LBY","Libya"
"MEA","Middle East & North Africa","LBY","Libya"
"MIC","Middle income","LBY","Libya"
"MNA","Middle East & North Africa (excluding high income)","LBY","Libya"
"TMN","Middle East & North Africa (IDA & IBRD)","LBY","Libya"
"UMC","Upper middle income","LBY","Libya"
"WLD","World","LBY","Libya"
"ECS","Europe & Central Asia","LIE","Liechtenstein"
"HIC","High income","LIE","Liechtenstein"
"WLD","World","LIE","Liechtenstein"
"CEB","Central Europe and the Baltics","LTU","Lithuania"
"ECS","Europe & Central Asia","LTU","Lithuania"
"EMU","Euro area","LTU","Lithuania"
"EUU","European Union","LTU","Lithuania"
"HIC","High income","LTU","Lithuania"
"OED","OECD members","LTU","Lithuania"
"PST","Post-demographic dividend","LTU","Lithuania"
"WLD","World","LTU","Lithuania"
"ECS","Europe & Central Asia","LUX","Luxembourg"
"EMU","Euro area","LUX","Luxembourg"
"EUU","European Union","LUX","Luxembourg"
"HIC","High income","LUX","Luxembourg"
"OED","OECD members","LUX","Luxembourg"
"PST","Post-demographic dividend","LUX","Luxembourg"
"WLD","World","LUX","Luxembourg"
"EAS","East Asia & Pacific","MAC","Macao SAR, China"
"HIC","High income","MAC","Macao SAR, China"
"PST","Post-demographic dividend","MAC","Macao SAR, China"
"WLD","World","MAC","Macao SAR, China"
"HPC","Heavily indebted poor countries (HIPC)","MDG","Madagascar"
"IBT","IDA & IBRD total","MDG","Madagascar"
"IDA","IDA total","MDG","Madagascar"
"IDX","IDA only","MDG","Madagascar"
"LDC","Least developed countries: UN classification","MDG","Madagascar"
"LIC","Low income","MDG","Madagascar"
"LMY","Low & middle income","MDG","Madagascar"
"PRE","Pre-demographic dividend","MDG","Madagascar"
"SSA","Sub-Saharan Africa (excluding high income)","MDG","Madagascar"
"SSF","Sub-Saharan Africa","MDG","Madagascar"
"TSS","Sub-Saharan Africa (IDA & IBRD)","MDG","Madagascar"
"WLD","World","MDG","Madagascar"
"HPC","Heavily indebted poor countries (HIPC)","MWI","Malawi"
"IBT","IDA & IBRD total","MWI","Malawi"
"IDA","IDA total","MWI","Malawi"
"IDX","IDA only","MWI","Malawi"
"LDC","Least developed countries: UN classification","MWI","Malawi"
"LIC","Low income","MWI","Malawi"
"LMY","Low & middle income","MWI","Malawi"
"PRE","Pre-demographic dividend","MWI","Malawi"
"SSA","Sub-Saharan Africa (excluding high income)","MWI","Malawi"
"SSF","Sub-Saharan Africa","MWI","Malawi"
"TSS","Sub-Saharan Africa (IDA & IBRD)","MWI","Malawi"
"WLD","World","MWI","Malawi"
"EAP","East Asia & Pacific (excluding high income)","MYS","Malaysia"
"EAS","East Asia & Pacific","MYS","Malaysia"
"IBD","IBRD only","MYS","Malaysia"
"IBT","IDA & IBRD total","MYS","Malaysia"
"LMY","Low & middle income","MYS","Malaysia"
"LTE","Late-demographic dividend","MYS","Malaysia"
"MIC","Middle income","MYS","Malaysia"
"TEA","East Asia & Pacific (IDA & IBRD)","MYS","Malaysia"
"UMC","Upper middle income","MYS","Malaysia"
"WLD","World","MYS","Malaysia"
"EAR","Early-demographic dividend","MDV","Maldives"
"IBT","IDA & IBRD total","MDV","Maldives"
"IDA","IDA total","MDV","Maldives"
"IDX","IDA only","MDV","Maldives"
"LMY","Low & middle income","MDV","Maldives"
"MIC","Middle income","MDV","Maldives"
"OSS","Other small states","MDV","Maldives"
"SAS","South Asia","MDV","Maldives"
"SST","Small states","MDV","Maldives"
"TSA","South Asia (IDA & IBRD)","MDV","Maldives"
"UMC","Upper middle income","MDV","Maldives"
"WLD","World","MDV","Maldives"
"FCS","Fragile and conflict affected situations","MLI","Mali"
"HPC","Heavily indebted poor countries (HIPC)","MLI","Mali"
"IBT","IDA & IBRD total","MLI","Mali"
"IDA","IDA total","MLI","Mali"
"IDX","IDA only","MLI","Mali"
"LDC","Least developed countries: UN classification","MLI","Mali"
"LIC","Low income","MLI","Mali"
"LMY","Low & middle income","MLI","Mali"
"PRE","Pre-demographic dividend","MLI","Mali"
"SSA","Sub-Saharan Africa (excluding high income)","MLI","Mali"
"SSF","Sub-Saharan Africa","MLI","Mali"
"TSS","Sub-Saharan Africa (IDA & IBRD)","MLI","Mali"
"WLD","World","MLI","Mali"
"EMU","Euro area","MLT","Malta"
"EUU","European Union","MLT","Malta"
"HIC","High income","MLT","Malta"
"MEA","Middle East & North Africa","MLT","Malta"
"OSS","Other small states","MLT","Malta"
"PST","Post-demographic dividend","MLT","Malta"
"SST","Small states","MLT","Malta"
"WLD","World","MLT","Malta"
"EAP","East Asia & Pacific (excluding high income)","MHL","Marshall Islands"
"EAS","East Asia & Pacific","MHL","Marshall Islands"
"FCS","Fragile and conflict affected situations","MHL","Marshall Islands"
"IBT","IDA & IBRD total","MHL","Marshall Islands"
"IDA","IDA total","MHL","Marshall Islands"
"IDX","IDA only","MHL","Marshall Islands"
"LMY","Low & middle income","MHL","Marshall Islands"
"MIC","Middle income","MHL","Marshall Islands"
"PSS","Pacific island small states","MHL","Marshall Islands"
"SST","Small states","MHL","Marshall Islands"
"TEA","East Asia & Pacific (IDA & IBRD)","MHL","Marshall Islands"
"UMC","Upper middle income","MHL","Marshall Islands"
"WLD","World","MHL","Marshall Islands"
"ARB","Arab World","MRT","Mauritania"
"HPC","Heavily indebted poor countries (HIPC)","MRT","Mauritania"
"IBT","IDA & IBRD total","MRT","Mauritania"
"IDA","IDA total","MRT","Mauritania"
"IDX","IDA only","MRT","Mauritania"
"LDC","Least developed countries: UN classification","MRT","Mauritania"
"LMC","Lower middle income","MRT","Mauritania"
"LMY","Low & middle income","MRT","Mauritania"
"MIC","Middle income","MRT","Mauritania"
"PRE","Pre-demographic dividend","MRT","Mauritania"
"SSA","Sub-Saharan Africa (excluding high income)","MRT","Mauritania"
"SSF","Sub-Saharan Africa","MRT","Mauritania"
"TSS","Sub-Saharan Africa (IDA & IBRD)","MRT","Mauritania"
"WLD","World","MRT","Mauritania"
"HIC","High income","MUS","Mauritius"
"IBD","IBRD only","MUS","Mauritius"
"IBT","IDA & IBRD total","MUS","Mauritius"
"LTE","Late-demographic dividend","MUS","Mauritius"
"OSS","Other small states","MUS","Mauritius"
"SSF","Sub-Saharan Africa","MUS","Mauritius"
"SST","Small states","MUS","Mauritius"
"TSS","Sub-Saharan Africa (IDA & IBRD)","MUS","Mauritius"
"WLD","World","MUS","Mauritius"
"EAR","Early-demographic dividend","MEX","Mexico"
"IBD","IBRD only","MEX","Mexico"
"IBT","IDA & IBRD total","MEX","Mexico"
"LAC","Latin America & Caribbean (excluding high income)","MEX","Mexico"
"LCN","Latin America & Caribbean","MEX","Mexico"
"LMY","Low & middle income","MEX","Mexico"
"MIC","Middle income","MEX","Mexico"
"OED","OECD members","MEX","Mexico"
"TLA","Latin America & Caribbean (IDA & IBRD)","MEX","Mexico"
"UMC","Upper middle income","MEX","Mexico"
"WLD","World","MEX","Mexico"
"EAP","East Asia & Pacific (excluding high income)","FSM","Micronesia"
"EAR","Early-demographic dividend","FSM","Micronesia"
"EAS","East Asia & Pacific","FSM","Micronesia"
"FCS","Fragile and conflict affected situations","FSM","Micronesia"
"IBT","IDA & IBRD total","FSM","Micronesia"
"IDA","IDA total","FSM","Micronesia"
"IDX","IDA only","FSM","Micronesia"
"LMC","Lower middle income","FSM","Micronesia"
"LMY","Low & middle income","FSM","Micronesia"
"MIC","Middle income","FSM","Micronesia"
"PSS","Pacific island small states","FSM","Micronesia"
"SST","Small states","FSM","Micronesia"
"TEA","East Asia & Pacific (IDA & IBRD)","FSM","Micronesia"
"WLD","World","FSM","Micronesia"
"ECA","Europe & Central Asia (excluding high income)","MDA","Moldova"
"ECS","Europe & Central Asia","MDA","Moldova"
"IBD","IBRD only","MDA","Moldova"
"IBT","IDA & IBRD total","MDA","Moldova"
"LMC","Lower middle income","MDA","Moldova"
"LMY","Low & middle income","MDA","Moldova"
"LTE","Late-demographic dividend","MDA","Moldova"
"MIC","Middle income","MDA","Moldova"
"TEC","Europe & Central Asia (IDA & IBRD)","MDA","Moldova"
"WLD","World","MDA","Moldova"
"ECS","Europe & Central Asia","MCO","Monaco"
"HIC","High income","MCO","Monaco"
"WLD","World","MCO","Monaco"
"EAP","East Asia & Pacific (excluding high income)","MNG","Mongolia"
"EAS","East Asia & Pacific","MNG","Mongolia"
"IBD","IBRD only","MNG","Mongolia"
"IBT","IDA & IBRD total","MNG","Mongolia"
"LMC","Lower middle income","MNG","Mongolia"
"LMY","Low & middle income","MNG","Mongolia"
"LTE","Late-demographic dividend","MNG","Mongolia"
"MIC","Middle income","MNG","Mongolia"
"TEA","East Asia & Pacific (IDA & IBRD)","MNG","Mongolia"
"WLD","World","MNG","Mongolia"
"ECA","Europe & Central Asia (excluding high income)","MNE","Montenegro"
"ECS","Europe & Central Asia","MNE","Montenegro"
"IBD","IBRD only","MNE","Montenegro"
"IBT","IDA & IBRD total","MNE","Montenegro"
"LMY","Low & middle income","MNE","Montenegro"
"LTE","Late-demographic dividend","MNE","Montenegro"
"MIC","Middle income","MNE","Montenegro"
"OSS","Other small states","MNE","Montenegro"
"SST","Small states","MNE","Montenegro"
"TEC","Europe & Central Asia (IDA & IBRD)","MNE","Montenegro"
"UMC","Upper middle income","MNE","Montenegro"
"WLD","World","MNE","Montenegro"
"ARB","Arab World","MAR","Morocco"
"IBD","IBRD only","MAR","Morocco"
"IBT","IDA & IBRD total","MAR","Morocco"
"LMC","Lower middle income","MAR","Morocco"
"LMY","Low & middle income","MAR","Morocco"
"LTE","Late-demographic dividend","MAR","Morocco"
"MEA","Middle East & North Africa","MAR","Morocco"
"MIC","Middle income","MAR","Morocco"
"MNA","Middle East & North Africa (excluding high income)","MAR","Morocco"
"TMN","Middle East & North Africa (IDA & IBRD)","MAR","Morocco"
"WLD","World","MAR","Morocco"
"HPC","Heavily indebted poor countries (HIPC)","MOZ","Mozambique"
"IBT","IDA & IBRD total","MOZ","Mozambique"
"IDA","IDA total","MOZ","Mozambique"
"IDX","IDA only","MOZ","Mozambique"
"LDC","Least developed countries: UN classification","MOZ","Mozambique"
"LIC","Low income","MOZ","Mozambique"
"LMY","Low & middle income","MOZ","Mozambique"
"PRE","Pre-demographic dividend","MOZ","Mozambique"
"SSA","Sub-Saharan Africa (excluding high income)","MOZ","Mozambique"
"SSF","Sub-Saharan Africa","MOZ","Mozambique"
"TSS","Sub-Saharan Africa (IDA & IBRD)","MOZ","Mozambique"
"WLD","World","MOZ","Mozambique"
"EAP","East Asia & Pacific (excluding high income)","MMR","Myanmar"
"EAR","Early-demographic dividend","MMR","Myanmar"
"EAS","East Asia & Pacific","MMR","Myanmar"
"FCS","Fragile and conflict affected situations","MMR","Myanmar"
"IBT","IDA & IBRD total","MMR","Myanmar"
"IDA","IDA total","MMR","Myanmar"
"IDX","IDA only","MMR","Myanmar"
"LDC","Least developed countries: UN classification","MMR","Myanmar"
"LMC","Lower middle income","MMR","Myanmar"
"LMY","Low & middle income","MMR","Myanmar"
"MIC","Middle income","MMR","Myanmar"
"TEA","East Asia & Pacific (IDA & IBRD)","MMR","Myanmar"
"WLD","World","MMR","Myanmar"
"EAR","Early-demographic dividend","NAM","Namibia"
"IBD","IBRD only","NAM","Namibia"
"IBT","IDA & IBRD total","NAM","Namibia"
"LMY","Low & middle income","NAM","Namibia"
"MIC","Middle income","NAM","Namibia"
"OSS","Other small states","NAM","Namibia"
"SSA","Sub-Saharan Africa (excluding high income)","NAM","Namibia"
"SSF","Sub-Saharan Africa","NAM","Namibia"
"SST","Small states","NAM","Namibia"
"TSS","Sub-Saharan Africa (IDA & IBRD)","NAM","Namibia"
"UMC","Upper middle income","NAM","Namibia"
"WLD","World","NAM","Namibia"
"EAS","East Asia & Pacific","NRU","Nauru"
"HIC","High income","NRU","Nauru"
"IBD","IBRD only","NRU","Nauru"
"IBT","IDA & IBRD total","NRU","Nauru"
"PSS","Pacific island small states","NRU","Nauru"
"SST","Small states","NRU","Nauru"
"TEA","East Asia & Pacific (IDA & IBRD)","NRU","Nauru"
"WLD","World","NRU","Nauru"
"EAR","Early-demographic dividend","NPL","Nepal"
"IBT","IDA & IBRD total","NPL","Nepal"
"IDA","IDA total","NPL","Nepal"
"IDX","IDA only","NPL","Nepal"
"LDC","Least developed countries: UN classification","NPL","Nepal"
"LMC","Lower middle income","NPL","Nepal"
"LMY","Low & middle income","NPL","Nepal"
"MIC","Middle income","NPL","Nepal"
"SAS","South Asia","NPL","Nepal"
"TSA","South Asia (IDA & IBRD)","NPL","Nepal"
"WLD","World","NPL","Nepal"
"ECS","Europe & Central Asia","NLD","Netherlands"
"EMU","Euro area","NLD","Netherlands"
"EUU","European Union","NLD","Netherlands"
"HIC","High income","NLD","Netherlands"
"OED","OECD members","NLD","Netherlands"
"PST","Post-demographic dividend","NLD","Netherlands"
"WLD","World","NLD","Netherlands"
"EAS","East Asia & Pacific","NCL","New Caledonia"
"HIC","High income","NCL","New Caledonia"
"LTE","Late-demographic dividend","NCL","New Caledonia"
"WLD","World","NCL","New Caledonia"
"EAS","East Asia & Pacific","NZL","New Zealand"
"HIC","High income","NZL","New Zealand"
"OED","OECD members","NZL","New Zealand"
"PST","Post-demographic dividend","NZL","New Zealand"
"WLD","World","NZL","New Zealand"
"EAR","Early-demographic dividend","NIC","Nicaragua"
"HPC","Heavily indebted poor countries (HIPC)","NIC","Nicaragua"
"IBT","IDA & IBRD total","NIC","Nicaragua"
"IDA","IDA total","NIC","Nicaragua"
"IDX","IDA only","NIC","Nicaragua"
"LAC","Latin America & Caribbean (excluding high income)","NIC","Nicaragua"
"LCN","Latin America & Caribbean","NIC","Nicaragua"
"LMC","Lower middle income","NIC","Nicaragua"
"LMY","Low & middle income","NIC","Nicaragua"
"MIC","Middle income","NIC","Nicaragua"
"TLA","Latin America & Caribbean (IDA & IBRD)","NIC","Nicaragua"
"WLD","World","NIC","Nicaragua"
"FCS","Fragile and conflict affected situations","NER","Niger"
"HPC","Heavily indebted poor countries (HIPC)","NER","Niger"
"IBT","IDA & IBRD total","NER","Niger"
"IDA","IDA total","NER","Niger"
"IDX","IDA only","NER","Niger"
"LDC","Least developed countries: UN classification","NER","Niger"
"LIC","Low income","NER","Niger"
"LMY","Low & middle income","NER","Niger"
"PRE","Pre-demographic dividend","NER","Niger"
"SSA","Sub-Saharan Africa (excluding high income)","NER","Niger"
"SSF","Sub-Saharan Africa","NER","Niger"
"TSS","Sub-Saharan Africa (IDA & IBRD)","NER","Niger"
"WLD","World","NER","Niger"
"FCS","Fragile and conflict affected situations","NGA","Nigeria"
"IBT","IDA & IBRD total","NGA","Nigeria"
"IDA","IDA total","NGA","Nigeria"
"IDB","IDA blend","NGA","Nigeria"
"LMC","Lower middle income","NGA","Nigeria"
"LMY","Low & middle income","NGA","Nigeria"
"MIC","Middle income","NGA","Nigeria"
"PRE","Pre-demographic dividend","NGA","Nigeria"
"SSA","Sub-Saharan Africa (excluding high income)","NGA","Nigeria"
"SSF","Sub-Saharan Africa","NGA","Nigeria"
"TSS","Sub-Saharan Africa (IDA & IBRD)","NGA","Nigeria"
"WLD","World","NGA","Nigeria"
"ECA","Europe & Central Asia (excluding high income)","MKD","North Macedonia"
"ECS","Europe & Central Asia","MKD","North Macedonia"
"IBD","IBRD only","MKD","North Macedonia"
"IBT","IDA & IBRD total","MKD","North Macedonia"
"LMY","Low & middle income","MKD","North Macedonia"
"LTE","Late-demographic dividend","MKD","North Macedonia"
"MIC","Middle income","MKD","North Macedonia"
"TEC","Europe & Central Asia (IDA & IBRD)","MKD","North Macedonia"
"UMC","Upper middle income","MKD","North Macedonia"
"WLD","World","MKD","North Macedonia"
"EAS","East Asia & Pacific","MNP","Northern Mariana Islands"
"HIC","High income","MNP","Northern Mariana Islands"
"WLD","World","MNP","Northern Mariana Islands"
"ECS","Europe & Central Asia","NOR","Norway"
"HIC","High income","NOR","Norway"
"OED","OECD members","NOR","Norway"
"PST","Post-demographic dividend","NOR","Norway"
"WLD","World","NOR","Norway"
"ARB","Arab World","OMN","Oman"
"HIC","High income","OMN","Oman"
"LTE","Late-demographic dividend","OMN","Oman"
"MEA","Middle East & North Africa","OMN","Oman"
"WLD","World","OMN","Oman"
"EAR","Early-demographic dividend","PAK","Pakistan"
"IBT","IDA & IBRD total","PAK","Pakistan"
"IDA","IDA total","PAK","Pakistan"
"IDB","IDA blend","PAK","Pakistan"
"LMC","Lower middle income","PAK","Pakistan"
"LMY","Low & middle income","PAK","Pakistan"
"MIC","Middle income","PAK","Pakistan"
"SAS","South Asia","PAK","Pakistan"
"TSA","South Asia (IDA & IBRD)","PAK","Pakistan"
"WLD","World","PAK","Pakistan"
"EAS","East Asia & Pacific","PLW","Palau"
"HIC","High income","PLW","Palau"
"IBD","IBRD only","PLW","Palau"
"IBT","IDA & IBRD total","PLW","Palau"
"PSS","Pacific island small states","PLW","Palau"
"SST","Small states","PLW","Palau"
"TEA","East Asia & Pacific (IDA & IBRD)","PLW","Palau"
"WLD","World","PLW","Palau"
"EAR","Early-demographic dividend","PAN","Panama"
"HIC","High income","PAN","Panama"
"IBD","IBRD only","PAN","Panama"
"IBT","IDA & IBRD total","PAN","Panama"
"LCN","Latin America & Caribbean","PAN","Panama"
"TLA","Latin America & Caribbean (IDA & IBRD)","PAN","Panama"
"WLD","World","PAN","Panama"
"EAP","East Asia & Pacific (excluding high income)","PNG","Papua New Guinea"
"EAR","Early-demographic dividend","PNG","Papua New Guinea"
"EAS","East Asia & Pacific","PNG","Papua New Guinea"
"FCS","Fragile and conflict affected situations","PNG","Papua New Guinea"
"IBT","IDA & IBRD total","PNG","Papua New Guinea"
"IDA","IDA total","PNG","Papua New Guinea"
"IDB","IDA blend","PNG","Papua New Guinea"
"LMC","Lower middle income","PNG","Papua New Guinea"
"LMY","Low & middle income","PNG","Papua New Guinea"
"MIC","Middle income","PNG","Papua New Guinea"
"TEA","East Asia & Pacific (IDA & IBRD)","PNG","Papua New Guinea"
"WLD","World","PNG","Papua New Guinea"
"EAR","Early-demographic dividend","PRY","Paraguay"
"IBD","IBRD only","PRY","Paraguay"
"IBT","IDA & IBRD total","PRY","Paraguay"
"LAC","Latin America & Caribbean (excluding high income)","PRY","Paraguay"
"LCN","Latin America & Caribbean","PRY","Paraguay"
"LMY","Low & middle income","PRY","Paraguay"
"MIC","Middle income","PRY","Paraguay"
"TLA","Latin America & Caribbean (IDA & IBRD)","PRY","Paraguay"
"UMC","Upper middle income","PRY","Paraguay"
"WLD","World","PRY","Paraguay"
"EAR","Early-demographic dividend","PER","Peru"
"IBD","IBRD only","PER","Peru"
"IBT","IDA & IBRD total","PER","Peru"
"LAC","Latin America & Caribbean (excluding high income)","PER","Peru"
"LCN","Latin America & Caribbean","PER","Peru"
"LMY","Low & middle income","PER","Peru"
"MIC","Middle income","PER","Peru"
"TLA","Latin America & Caribbean (IDA & IBRD)","PER","Peru"
"UMC","Upper middle income","PER","Peru"
"WLD","World","PER","Peru"
"EAP","East Asia & Pacific (excluding high income)","PHL","Philippines"
"EAR","Early-demographic dividend","PHL","Philippines"
"EAS","East Asia & Pacific","PHL","Philippines"
"IBD","IBRD only","PHL","Philippines"
"IBT","IDA & IBRD total","PHL","Philippines"
"LMC","Lower middle income","PHL","Philippines"
"LMY","Low & middle income","PHL","Philippines"
"MIC","Middle income","PHL","Philippines"
"TEA","East Asia & Pacific (IDA & IBRD)","PHL","Philippines"
"WLD","World","PHL","Philippines"
"CEB","Central Europe and the Baltics","POL","Poland"
"ECS","Europe & Central Asia","POL","Poland"
"EUU","European Union","POL","Poland"
"HIC","High income","POL","Poland"
"IBD","IBRD only","POL","Poland"
"IBT","IDA & IBRD total","POL","Poland"
"LTE","Late-demographic dividend","POL","Poland"
"OED","OECD members","POL","Poland"
"TEC","Europe & Central Asia (IDA & IBRD)","POL","Poland"
"WLD","World","POL","Poland"
"ECS","Europe & Central Asia","PRT","Portugal"
"EMU","Euro area","PRT","Portugal"
"EUU","European Union","PRT","Portugal"
"HIC","High income","PRT","Portugal"
"OED","OECD members","PRT","Portugal"
"PST","Post-demographic dividend","PRT","Portugal"
"WLD","World","PRT","Portugal"
"HIC","High income","PRI","Puerto Rico"
"LCN","Latin America & Caribbean","PRI","Puerto Rico"
"LTE","Late-demographic dividend","PRI","Puerto Rico"
"WLD","World","PRI","Puerto Rico"
"ARB","Arab World","QAT","Qatar"
"HIC","High income","QAT","Qatar"
"LTE","Late-demographic dividend","QAT","Qatar"
"MEA","Middle East & North Africa","QAT","Qatar"
"OSS","Other small states","QAT","Qatar"
"SST","Small states","QAT","Qatar"
"WLD","World","QAT","Qatar"
"CEB","Central Europe and the Baltics","ROU","Romania"
"ECS","Europe & Central Asia","ROU","Romania"
"EUU","European Union","ROU","Romania"
"HIC","High income","ROU","Romania"
"IBD","IBRD only","ROU","Romania"
"IBT","IDA & IBRD total","ROU","Romania"
"LTE","Late-demographic dividend","ROU","Romania"
"TEC","Europe & Central Asia (IDA & IBRD)","ROU","Romania"
"WLD","World","ROU","Romania"
"ECA","Europe & Central Asia (excluding high income)","RUS","Russia"
"ECS","Europe & Central Asia","RUS","Russia"
"IBD","IBRD only","RUS","Russia"
"IBT","IDA & IBRD total","RUS","Russia"
"LMY","Low & middle income","RUS","Russia"
"LTE","Late-demographic dividend","RUS","Russia"
"MIC","Middle income","RUS","Russia"
"TEC","Europe & Central Asia (IDA & IBRD)","RUS","Russia"
"UMC","Upper middle income","RUS","Russia"
"WLD","World","RUS","Russia"
"EAR","Early-demographic dividend","RWA","Rwanda"
"HPC","Heavily indebted poor countries (HIPC)","RWA","Rwanda"
"IBT","IDA & IBRD total","RWA","Rwanda"
"IDA","IDA total","RWA","Rwanda"
"IDX","IDA only","RWA","Rwanda"
"LDC","Least developed countries: UN classification","RWA","Rwanda"
"LIC","Low income","RWA","Rwanda"
"LMY","Low & middle income","RWA","Rwanda"
"SSA","Sub-Saharan Africa (excluding high income)","RWA","Rwanda"
"SSF","Sub-Saharan Africa","RWA","Rwanda"
"TSS","Sub-Saharan Africa (IDA & IBRD)","RWA","Rwanda"
"WLD","World","RWA","Rwanda"
"EAP","East Asia & Pacific (excluding high income)","WSM","Samoa"
"EAR","Early-demographic dividend","WSM","Samoa"
"EAS","East Asia & Pacific","WSM","Samoa"
"IBT","IDA & IBRD total","WSM","Samoa"
"IDA","IDA total","WSM","Samoa"
"IDX","IDA only","WSM","Samoa"
"LMY","Low & middle income","WSM","Samoa"
"MIC","Middle income","WSM","Samoa"
"PSS","Pacific island small states","WSM","Samoa"
"SST","Small states","WSM","Samoa"
"TEA","East Asia & Pacific (IDA & IBRD)","WSM","Samoa"
"UMC","Upper middle income","WSM","Samoa"
"WLD","World","WSM","Samoa"
"ECS","Europe & Central Asia","SMR","San Marino"
"HIC","High income","SMR","San Marino"
"OSS","Other small states","SMR","San Marino"
"SST","Small states","SMR","San Marino"
"WLD","World","SMR","San Marino"
"HPC","Heavily indebted poor countries (HIPC)","STP","Sao Tome and Principe"
"IBT","IDA & IBRD total","STP","Sao Tome and Principe"
"IDA","IDA total","STP","Sao Tome and Principe"
"IDX","IDA only","STP","Sao Tome and Principe"
"LDC","Least developed countries: UN classification","STP","Sao Tome and Principe"
"LMC","Lower middle income","STP","Sao Tome and Principe"
"LMY","Low & middle income","STP","Sao Tome and Principe"
"MIC","Middle income","STP","Sao Tome and Principe"
"OSS","Other small states","STP","Sao Tome and Principe"
"SSA","Sub-Saharan Africa (excluding high income)","STP","Sao Tome and Principe"
"SSF","Sub-Saharan Africa","STP","Sao Tome and Principe"
"SST","Small states","STP","Sao Tome and Principe"
"TSS","Sub-Saharan Africa (IDA & IBRD)","STP","Sao Tome and Principe"
"WLD","World","STP","Sao Tome and Principe"
"ARB","Arab World","SAU","Saudi Arabia"
"EAR","Early-demographic dividend","SAU","Saudi Arabia"
"HIC","High income","SAU","Saudi Arabia"
"MEA","Middle East & North Africa","SAU","Saudi Arabia"
"WLD","World","SAU","Saudi Arabia"
"HPC","Heavily indebted poor countries (HIPC)","SEN","Senegal"
"IBT","IDA & IBRD total","SEN","Senegal"
"IDA","IDA total","SEN","Senegal"
"IDX","IDA only","SEN","Senegal"
"LDC","Least developed countries: UN classification","SEN","Senegal"
"LMC","Lower middle income","SEN","Senegal"
"LMY","Low & middle income","SEN","Senegal"
"MIC","Middle income","SEN","Senegal"
"PRE","Pre-demographic dividend","SEN","Senegal"
"SSA","Sub-Saharan Africa (excluding high income)","SEN","Senegal"
"SSF","Sub-Saharan Africa","SEN","Senegal"
"TSS","Sub-Saharan Africa (IDA & IBRD)","SEN","Senegal"
"WLD","World","SEN","Senegal"
"ECA","Europe & Central Asia (excluding high income)","SRB","Serbia"
"ECS","Europe & Central Asia","SRB","Serbia"
"IBD","IBRD only","SRB","Serbia"
"IBT","IDA & IBRD total","SRB","Serbia"
"LMY","Low & middle income","SRB","Serbia"
"LTE","Late-demographic dividend","SRB","Serbia"
"MIC","Middle income","SRB","Serbia"
"TEC","Europe & Central Asia (IDA & IBRD)","SRB","Serbia"
"UMC","Upper middle income","SRB","Serbia"
"WLD","World","SRB","Serbia"
"HIC","High income","SYC","Seychelles"
"IBD","IBRD only","SYC","Seychelles"
"IBT","IDA & IBRD total","SYC","Seychelles"
"LTE","Late-demographic dividend","SYC","Seychelles"
"OSS","Other small states","SYC","Seychelles"
"SSF","Sub-Saharan Africa","SYC","Seychelles"
"SST","Small states","SYC","Seychelles"
"TSS","Sub-Saharan Africa (IDA & IBRD)","SYC","Seychelles"
"WLD","World","SYC","Seychelles"
"HPC","Heavily indebted poor countries (HIPC)","SLE","Sierra Leone"
"IBT","IDA & IBRD total","SLE","Sierra Leone"
"IDA","IDA total","SLE","Sierra Leone"
"IDX","IDA only","SLE","Sierra Leone"
"LDC","Least developed countries: UN classification","SLE","Sierra Leone"
"LIC","Low income","SLE","Sierra Leone"
"LMY","Low & middle income","SLE","Sierra Leone"
"PRE","Pre-demographic dividend","SLE","Sierra Leone"
"SSA","Sub-Saharan Africa (excluding high income)","SLE","Sierra Leone"
"SSF","Sub-Saharan Africa","SLE","Sierra Leone"
"TSS","Sub-Saharan Africa (IDA & IBRD)","SLE","Sierra Leone"
"WLD","World","SLE","Sierra Leone"
"EAS","East Asia & Pacific","SGP","Singapore"
"HIC","High income","SGP","Singapore"
"PST","Post-demographic dividend","SGP","Singapore"
"WLD","World","SGP","Singapore"
"HIC","High income","SXM","Sint Maarten (Dutch part)"
"LCN","Latin America & Caribbean","SXM","Sint Maarten (Dutch part)"
"WLD","World","SXM","Sint Maarten (Dutch part)"
"CEB","Central Europe and the Baltics","SVK","Slovak Republic"
"ECS","Europe & Central Asia","SVK","Slovak Republic"
"EMU","Euro area","SVK","Slovak Republic"
"EUU","European Union","SVK","Slovak Republic"
"HIC","High income","SVK","Slovak Republic"
"LTE","Late-demographic dividend","SVK","Slovak Republic"
"OED","OECD members","SVK","Slovak Republic"
"WLD","World","SVK","Slovak Republic"
"CEB","Central Europe and the Baltics","SVN","Slovenia"
"ECS","Europe & Central Asia","SVN","Slovenia"
"EMU","Euro area","SVN","Slovenia"
"EUU","European Union","SVN","Slovenia"
"HIC","High income","SVN","Slovenia"
"OED","OECD members","SVN","Slovenia"
"PST","Post-demographic dividend","SVN","Slovenia"
"WLD","World","SVN","Slovenia"
"EAP","East Asia & Pacific (excluding high income)","SLB","Solomon Islands"
"EAR","Early-demographic dividend","SLB","Solomon Islands"
"EAS","East Asia & Pacific","SLB","Solomon Islands"
"FCS","Fragile and conflict affected situations","SLB","Solomon Islands"
"IBT","IDA & IBRD total","SLB","Solomon Islands"
"IDA","IDA total","SLB","Solomon Islands"
"IDX","IDA only","SLB","Solomon Islands"
"LDC","Least developed countries: UN classification","SLB","Solomon Islands"
"LMC","Lower middle income","SLB","Solomon Islands"
"LMY","Low & middle income","SLB","Solomon Islands"
"MIC","Middle income","SLB","Solomon Islands"
"PSS","Pacific island small states","SLB","Solomon Islands"
"SST","Small states","SLB","Solomon Islands"
"TEA","East Asia & Pacific (IDA & IBRD)","SLB","Solomon Islands"
"WLD","World","SLB","Solomon Islands"
"ARB","Arab World","SOM","Somalia"
"FCS","Fragile and conflict affected situations","SOM","Somalia"
"HPC","Heavily indebted poor countries (HIPC)","SOM","Somalia"
"IBT","IDA & IBRD total","SOM","Somalia"
"IDA","IDA total","SOM","Somalia"
"IDX","IDA only","SOM","Somalia"
"LDC","Least developed countries: UN classification","SOM","Somalia"
"LIC","Low income","SOM","Somalia"
"LMY","Low & middle income","SOM","Somalia"
"PRE","Pre-demographic dividend","SOM","Somalia"
"SSA","Sub-Saharan Africa (excluding high income)","SOM","Somalia"
"SSF","Sub-Saharan Africa","SOM","Somalia"
"TSS","Sub-Saharan Africa (IDA & IBRD)","SOM","Somalia"
"WLD","World","SOM","Somalia"
"EAR","Early-demographic dividend","ZAF","South Africa"
"IBD","IBRD only","ZAF","South Africa"
"IBT","IDA & IBRD total","ZAF","South Africa"
"LMY","Low & middle income","ZAF","South Africa"
"MIC","Middle income","ZAF","South Africa"
"SSA","Sub-Saharan Africa (excluding high income)","ZAF","South Africa"
"SSF","Sub-Saharan Africa","ZAF","South Africa"
"TSS","Sub-Saharan Africa (IDA & IBRD)","ZAF","South Africa"
"UMC","Upper middle income","ZAF","South Africa"
"WLD","World","ZAF","South Africa"
"FCS","Fragile and conflict affected situations","SSD","South Sudan"
"IBT","IDA & IBRD total","SSD","South Sudan"
"IDA","IDA total","SSD","South Sudan"
"IDX","IDA only","SSD","South Sudan"
"LDC","Least developed countries: UN classification","SSD","South Sudan"
"LIC","Low income","SSD","South Sudan"
"LMY","Low & middle income","SSD","South Sudan"
"PRE","Pre-demographic dividend","SSD","South Sudan"
"SSA","Sub-Saharan Africa (excluding high income)","SSD","South Sudan"
"SSF","Sub-Saharan Africa","SSD","South Sudan"
"TSS","Sub-Saharan Africa (IDA & IBRD)","SSD","South Sudan"
"WLD","World","SSD","South Sudan"
"ECS","Europe & Central Asia","ESP","Spain"
"EMU","Euro area","ESP","Spain"
"EUU","European Union","ESP","Spain"
"HIC","High income","ESP","Spain"
"OED","OECD members","ESP","Spain"
"PST","Post-demographic dividend","ESP","Spain"
"WLD","World","ESP","Spain"
"IBD","IBRD only","LKA","Sri Lanka"
"IBT","IDA & IBRD total","LKA","Sri Lanka"
"LMC","Lower middle income","LKA","Sri Lanka"
"LMY","Low & middle income","LKA","Sri Lanka"
"LTE","Late-demographic dividend","LKA","Sri Lanka"
"MIC","Middle income","LKA","Sri Lanka"
"SAS","South Asia","LKA","Sri Lanka"
"TSA","South Asia (IDA & IBRD)","LKA","Sri Lanka"
"WLD","World","LKA","Sri Lanka"
"CSS","Caribbean small states","KNA","Saint Kitts and Nevis"
"HIC","High income","KNA","Saint Kitts and Nevis"
"IBD","IBRD only","KNA","Saint Kitts and Nevis"
"IBT","IDA & IBRD total","KNA","Saint Kitts and Nevis"
"LCN","Latin America & Caribbean","KNA","Saint Kitts and Nevis"
"SST","Small states","KNA","Saint Kitts and Nevis"
"TLA","Latin America & Caribbean (IDA & IBRD)","KNA","Saint Kitts and Nevis"
"WLD","World","KNA","Saint Kitts and Nevis"
"CSS","Caribbean small states","LCA","Saint Lucia"
"IBT","IDA & IBRD total","LCA","Saint Lucia"
"IDA","IDA total","LCA","Saint Lucia"
"IDB","IDA blend","LCA","Saint Lucia"
"LAC","Latin America & Caribbean (excluding high income)","LCA","Saint Lucia"
"LCN","Latin America & Caribbean","LCA","Saint Lucia"
"LMY","Low & middle income","LCA","Saint Lucia"
"LTE","Late-demographic dividend","LCA","Saint Lucia"
"MIC","Middle income","LCA","Saint Lucia"
"SST","Small states","LCA","Saint Lucia"
"TLA","Latin America & Caribbean (IDA & IBRD)","LCA","Saint Lucia"
"UMC","Upper middle income","LCA","Saint Lucia"
"WLD","World","LCA","Saint Lucia"
"HIC","High income","MAF","St. Martin (French part)"
"LCN","Latin America & Caribbean","MAF","St. Martin (French part)"
"WLD","World","MAF","St. Martin (French part)"
"CSS","Caribbean small states","VCT","Saint Vincent and the Grenadines"
"IBT","IDA & IBRD total","VCT","Saint Vincent and the Grenadines"
"IDA","IDA total","VCT","Saint Vincent and the Grenadines"
"IDB","IDA blend","VCT","Saint Vincent and the Grenadines"
"LAC","Latin America & Caribbean (excluding high income)","VCT","Saint Vincent and the Grenadines"
"LCN","Latin America & Caribbean","VCT","Saint Vincent and the Grenadines"
"LMY","Low & middle income","VCT","Saint Vincent and the Grenadines"
"LTE","Late-demographic dividend","VCT","Saint Vincent and the Grenadines"
"MIC","Middle income","VCT","Saint Vincent and the Grenadines"
"SST","Small states","VCT","Saint Vincent and the Grenadines"
"TLA","Latin America & Caribbean (IDA & IBRD)","VCT","Saint Vincent and the Grenadines"
"UMC","Upper middle income","VCT","Saint Vincent and the Grenadines"
"WLD","World","VCT","Saint Vincent and the Grenadines"
"ARB","Arab World","SDN","Sudan"
"FCS","Fragile and conflict affected situations","SDN","Sudan"
"HPC","Heavily indebted poor countries (HIPC)","SDN","Sudan"
"IBT","IDA & IBRD total","SDN","Sudan"
"IDA","IDA total","SDN","Sudan"
"IDX","IDA only","SDN","Sudan"
"LDC","Least developed countries: UN classification","SDN","Sudan"
"LIC","Low income","SDN","Sudan"
"LMY","Low & middle income","SDN","Sudan"
"PRE","Pre-demographic dividend","SDN","Sudan"
"SSA","Sub-Saharan Africa (excluding high income)","SDN","Sudan"
"SSF","Sub-Saharan Africa","SDN","Sudan"
"TSS","Sub-Saharan Africa (IDA & IBRD)","SDN","Sudan"
"WLD","World","SDN","Sudan"
"CSS","Caribbean small states","SUR","Suriname"
"EAR","Early-demographic dividend","SUR","Suriname"
"IBD","IBRD only","SUR","Suriname"
"IBT","IDA & IBRD total","SUR","Suriname"
"LAC","Latin America & Caribbean (excluding high income)","SUR","Suriname"
"LCN","Latin America & Caribbean","SUR","Suriname"
"LMY","Low & middle income","SUR","Suriname"
"MIC","Middle income","SUR","Suriname"
"SST","Small states","SUR","Suriname"
"TLA","Latin America & Caribbean (IDA & IBRD)","SUR","Suriname"
"UMC","Upper middle income","SUR","Suriname"
"WLD","World","SUR","Suriname"
"ECS","Europe & Central Asia","SWE","Sweden"
"EUU","European Union","SWE","Sweden"
"HIC","High income","SWE","Sweden"
"OED","OECD members","SWE","Sweden"
"PST","Post-demographic dividend","SWE","Sweden"
"WLD","World","SWE","Sweden"
"ECS","Europe & Central Asia","CHE","Switzerland"
"HIC","High income","CHE","Switzerland"
"OED","OECD members","CHE","Switzerland"
"PST","Post-demographic dividend","CHE","Switzerland"
"WLD","World","CHE","Switzerland"
"ARB","Arab World","SYR","Syria"
"EAR","Early-demographic dividend","SYR","Syria"
"FCS","Fragile and conflict affected situations","SYR","Syria"
"IBT","IDA & IBRD total","SYR","Syria"
"IDA","IDA total","SYR","Syria"
"IDX","IDA only","SYR","Syria"
"LIC","Low income","SYR","Syria"
"LMY","Low & middle income","SYR","Syria"
"MEA","Middle East & North Africa","SYR","Syria"
"MNA","Middle East & North Africa (excluding high income)","SYR","Syria"
"TMN","Middle East & North Africa (IDA & IBRD)","SYR","Syria"
"WLD","World","SYR","Syria"
"EAS","East Asia & Pacific","TWN","Taiwan"
"HIC","High income","TWN","Taiwan"
"WLD","World","TWN","Taiwan"
"EAR","Early-demographic dividend","TJK","Tajikistan"
"ECA","Europe & Central Asia (excluding high income)","TJK","Tajikistan"
"ECS","Europe & Central Asia","TJK","Tajikistan"
"IBT","IDA & IBRD total","TJK","Tajikistan"
"IDA","IDA total","TJK","Tajikistan"
"IDX","IDA only","TJK","Tajikistan"
"LIC","Low income","TJK","Tajikistan"
"LMY","Low & middle income","TJK","Tajikistan"
"TEC","Europe & Central Asia (IDA & IBRD)","TJK","Tajikistan"
"WLD","World","TJK","Tajikistan"
"HPC","Heavily indebted poor countries (HIPC)","TZA","Tanzania"
"IBT","IDA & IBRD total","TZA","Tanzania"
"IDA","IDA total","TZA","Tanzania"
"IDX","IDA only","TZA","Tanzania"
"LDC","Least developed countries: UN classification","TZA","Tanzania"
"LMC","Lower middle income","TZA","Tanzania"
"LMY","Low & middle income","TZA","Tanzania"
"MIC","Middle income","TZA","Tanzania"
"PRE","Pre-demographic dividend","TZA","Tanzania"
"SSA","Sub-Saharan Africa (excluding high income)","TZA","Tanzania"
"SSF","Sub-Saharan Africa","TZA","Tanzania"
"TSS","Sub-Saharan Africa (IDA & IBRD)","TZA","Tanzania"
"WLD","World","TZA","Tanzania"
"EAP","East Asia & Pacific (excluding high income)","THA","Thailand"
"EAS","East Asia & Pacific","THA","Thailand"
"IBD","IBRD only","THA","Thailand"
"IBT","IDA & IBRD total","THA","Thailand"
"LMY","Low & middle income","THA","Thailand"
"LTE","Late-demographic dividend","THA","Thailand"
"MIC","Middle income","THA","Thailand"
"TEA","East Asia & Pacific (IDA & IBRD)","THA","Thailand"
"UMC","Upper middle income","THA","Thailand"
"WLD","World","THA","Thailand"
"EAP","East Asia & Pacific (excluding high income)","TLS","Timor-Leste"
"EAS","East Asia & Pacific","TLS","Timor-Leste"
"FCS","Fragile and conflict affected situations","TLS","Timor-Leste"
"IBT","IDA & IBRD total","TLS","Timor-Leste"
"IDA","IDA total","TLS","Timor-Leste"
"IDB","IDA blend","TLS","Timor-Leste"
"LDC","Least developed countries: UN classification","TLS","Timor-Leste"
"LMC","Lower middle income","TLS","Timor-Leste"
"LMY","Low & middle income","TLS","Timor-Leste"
"MIC","Middle income","TLS","Timor-Leste"
"OSS","Other small states","TLS","Timor-Leste"
"PRE","Pre-demographic dividend","TLS","Timor-Leste"
"SST","Small states","TLS","Timor-Leste"
"TEA","East Asia & Pacific (IDA & IBRD)","TLS","Timor-Leste"
"WLD","World","TLS","Timor-Leste"
"HPC","Heavily indebted poor countries (HIPC)","TGO","Togo"
"IBT","IDA & IBRD total","TGO","Togo"
"IDA","IDA total","TGO","Togo"
"IDX","IDA only","TGO","Togo"
"LDC","Least developed countries: UN classification","TGO","Togo"
"LIC","Low income","TGO","Togo"
"LMY","Low & middle income","TGO","Togo"
"PRE","Pre-demographic dividend","TGO","Togo"
"SSA","Sub-Saharan Africa (excluding high income)","TGO","Togo"
"SSF","Sub-Saharan Africa","TGO","Togo"
"TSS","Sub-Saharan Africa (IDA & IBRD)","TGO","Togo"
"WLD","World","TGO","Togo"
"EAP","East Asia & Pacific (excluding high income)","TON","Tonga"
"EAR","Early-demographic dividend","TON","Tonga"
"EAS","East Asia & Pacific","TON","Tonga"
"IBT","IDA & IBRD total","TON","Tonga"
"IDA","IDA total","TON","Tonga"
"IDX","IDA only","TON","Tonga"
"LMY","Low & middle income","TON","Tonga"
"MIC","Middle income","TON","Tonga"
"PSS","Pacific island small states","TON","Tonga"
"SST","Small states","TON","Tonga"
"TEA","East Asia & Pacific (IDA & IBRD)","TON","Tonga"
"UMC","Upper middle income","TON","Tonga"
"WLD","World","TON","Tonga"
"CSS","Caribbean small states","TTO","Trinidad and Tobago"
"HIC","High income","TTO","Trinidad and Tobago"
"IBD","IBRD only","TTO","Trinidad and Tobago"
"IBT","IDA & IBRD total","TTO","Trinidad and Tobago"
"LCN","Latin America & Caribbean","TTO","Trinidad and Tobago"
"LTE","Late-demographic dividend","TTO","Trinidad and Tobago"
"SST","Small states","TTO","Trinidad and Tobago"
"TLA","Latin America & Caribbean (IDA & IBRD)","TTO","Trinidad and Tobago"
"WLD","World","TTO","Trinidad and Tobago"
"ARB","Arab World","TUN","Tunisia"
"IBD","IBRD only","TUN","Tunisia"
"IBT","IDA & IBRD total","TUN","Tunisia"
"LMC","Lower middle income","TUN","Tunisia"
"LMY","Low & middle income","TUN","Tunisia"
"LTE","Late-demographic dividend","TUN","Tunisia"
"MEA","Middle East & North Africa","TUN","Tunisia"
"MIC","Middle income","TUN","Tunisia"
"MNA","Middle East & North Africa (excluding high income)","TUN","Tunisia"
"TMN","Middle East & North Africa (IDA & IBRD)","TUN","Tunisia"
"WLD","World","TUN","Tunisia"
"EAR","Early-demographic dividend","TUR","Turkey"
"ECA","Europe & Central Asia (excluding high income)","TUR","Turkey"
"ECS","Europe & Central Asia","TUR","Turkey"
"IBD","IBRD only","TUR","Turkey"
"IBT","IDA & IBRD total","TUR","Turkey"
"LMY","Low & middle income","TUR","Turkey"
"MIC","Middle income","TUR","Turkey"
"OED","OECD members","TUR","Turkey"
"TEC","Europe & Central Asia (IDA & IBRD)","TUR","Turkey"
"UMC","Upper middle income","TUR","Turkey"
"WLD","World","TUR","Turkey"
"EAR","Early-demographic dividend","TKM","Turkmenistan"
"ECA","Europe & Central Asia (excluding high income)","TKM","Turkmenistan"
"ECS","Europe & Central Asia","TKM","Turkmenistan"
"IBD","IBRD only","TKM","Turkmenistan"
"IBT","IDA & IBRD total","TKM","Turkmenistan"
"LMY","Low & middle income","TKM","Turkmenistan"
"MIC","Middle income","TKM","Turkmenistan"
"TEC","Europe & Central Asia (IDA & IBRD)","TKM","Turkmenistan"
"UMC","Upper middle income","TKM","Turkmenistan"
"WLD","World","TKM","Turkmenistan"
"HIC","High income","TCA","Turks and Caicos Islands"
"LCN","Latin America & Caribbean","TCA","Turks and Caicos Islands"
"WLD","World","TCA","Turks and Caicos Islands"
"EAP","East Asia & Pacific (excluding high income)","TUV","Tuvalu"
"EAS","East Asia & Pacific","TUV","Tuvalu"
"FCS","Fragile and conflict affected situations","TUV","Tuvalu"
"IBT","IDA & IBRD total","TUV","Tuvalu"
"IDA","IDA total","TUV","Tuvalu"
"IDX","IDA only","TUV","Tuvalu"
"LDC","Least developed countries: UN classification","TUV","Tuvalu"
"LMY","Low & middle income","TUV","Tuvalu"
"MIC","Middle income","TUV","Tuvalu"
"PSS","Pacific island small states","TUV","Tuvalu"
"SST","Small states","TUV","Tuvalu"
"TEA","East Asia & Pacific (IDA & IBRD)","TUV","Tuvalu"
"UMC","Upper middle income","TUV","Tuvalu"
"WLD","World","TUV","Tuvalu"
"HPC","Heavily indebted poor countries (HIPC)","UGA","Uganda"
"IBT","IDA & IBRD total","UGA","Uganda"
"IDA","IDA total","UGA","Uganda"
"IDX","IDA only","UGA","Uganda"
"LDC","Least developed countries: UN classification","UGA","Uganda"
"LIC","Low income","UGA","Uganda"
"LMY","Low & middle income","UGA","Uganda"
"PRE","Pre-demographic dividend","UGA","Uganda"
"SSA","Sub-Saharan Africa (excluding high income)","UGA","Uganda"
"SSF","Sub-Saharan Africa","UGA","Uganda"
"TSS","Sub-Saharan Africa (IDA & IBRD)","UGA","Uganda"
"WLD","World","UGA","Uganda"
"ECA","Europe & Central Asia (excluding high income)","UKR","Ukraine"
"ECS","Europe & Central Asia","UKR","Ukraine"
"IBD","IBRD only","UKR","Ukraine"
"IBT","IDA & IBRD total","UKR","Ukraine"
"LMC","Lower middle income","UKR","Ukraine"
"LMY","Low & middle income","UKR","Ukraine"
"MIC","Middle income","UKR","Ukraine"
"PST","Post-demographic dividend","UKR","Ukraine"
"TEC","Europe & Central Asia (IDA & IBRD)","UKR","Ukraine"
"WLD","World","UKR","Ukraine"
"ARB","Arab World","ARE","United Arab Emirates"
"HIC","High income","ARE","United Arab Emirates"
"LTE","Late-demographic dividend","ARE","United Arab Emirates"
"MEA","Middle East & North Africa","ARE","United Arab Emirates"
"WLD","World","ARE","United Arab Emirates"
"ECS","Europe & Central Asia","GBR","United Kingdom"
"HIC","High income","GBR","United Kingdom"
"OED","OECD members","GBR","United Kingdom"
"PST","Post-demographic dividend","GBR","United Kingdom"
"WLD","World","GBR","United Kingdom"
"HIC","High income","USA","United States"
"NAC","North America","USA","United States"
"OED","OECD members","USA","United States"
"PST","Post-demographic dividend","USA","United States"
"WLD","World","USA","United States"
"HIC","High income","URY","Uruguay"
"IBD","IBRD only","URY","Uruguay"
"IBT","IDA & IBRD total","URY","Uruguay"
"LCN","Latin America & Caribbean","URY","Uruguay"
"LTE","Late-demographic dividend","URY","Uruguay"
"TLA","Latin America & Caribbean (IDA & IBRD)","URY","Uruguay"
"WLD","World","URY","Uruguay"
"EAR","Early-demographic dividend","UZB","Uzbekistan"
"ECA","Europe & Central Asia (excluding high income)","UZB","Uzbekistan"
"ECS","Europe & Central Asia","UZB","Uzbekistan"
"IBT","IDA & IBRD total","UZB","Uzbekistan"
"IDA","IDA total","UZB","Uzbekistan"
"IDB","IDA blend","UZB","Uzbekistan"
"LMC","Lower middle income","UZB","Uzbekistan"
"LMY","Low & middle income","UZB","Uzbekistan"
"MIC","Middle income","UZB","Uzbekistan"
"TEC","Europe & Central Asia (IDA & IBRD)","UZB","Uzbekistan"
"WLD","World","UZB","Uzbekistan"
"EAP","East Asia & Pacific (excluding high income)","VUT","Vanuatu"
"EAR","Early-demographic dividend","VUT","Vanuatu"
"EAS","East Asia & Pacific","VUT","Vanuatu"
"IBT","IDA & IBRD total","VUT","Vanuatu"
"IDA","IDA total","VUT","Vanuatu"
"IDX","IDA only","VUT","Vanuatu"
"LDC","Least developed countries: UN classification","VUT","Vanuatu"
"LMC","Lower middle income","VUT","Vanuatu"
"LMY","Low & middle income","VUT","Vanuatu"
"MIC","Middle income","VUT","Vanuatu"
"PSS","Pacific island small states","VUT","Vanuatu"
"SST","Small states","VUT","Vanuatu"
"TEA","East Asia & Pacific (IDA & IBRD)","VUT","Vanuatu"
"WLD","World","VUT","Vanuatu"
"EAR","Early-demographic dividend","VEN","Venezuela"
"FCS","Fragile and conflict affected situations","VEN","Venezuela"
"IBD","IBRD only","VEN","Venezuela"
"IBT","IDA & IBRD total","VEN","Venezuela"
"LAC","Latin America & Caribbean (excluding high income)","VEN","Venezuela"
"LCN","Latin America & Caribbean","VEN","Venezuela"
"LMY","Low & middle income","VEN","Venezuela"
"MIC","Middle income","VEN","Venezuela"
"TLA","Latin America & Caribbean (IDA & IBRD)","VEN","Venezuela"
"UMC","Upper middle income","VEN","Venezuela"
"WLD","World","VEN","Venezuela"
"EAP","East Asia & Pacific (excluding high income)","VNM","Vietnam"
"EAS","East Asia & Pacific","VNM","Vietnam"
"IBD","IBRD only","VNM","Vietnam"
"IBT","IDA & IBRD total","VNM","Vietnam"
"LMC","Lower middle income","VNM","Vietnam"
"LMY","Low & middle income","VNM","Vietnam"
"LTE","Late-demographic dividend","VNM","Vietnam"
"MIC","Middle income","VNM","Vietnam"
"TEA","East Asia & Pacific (IDA & IBRD)","VNM","Vietnam"
"WLD","World","VNM","Vietnam"
"HIC","High income","VIR","Virgin Islands (U.S.)"
"LCN","Latin America & Caribbean","VIR","Virgin Islands (U.S.)"
"LTE","Late-demographic dividend","VIR","Virgin Islands (U.S.)"
"WLD","World","VIR","Virgin Islands (U.S.)"
"ARB","Arab World","PSE","West Bank and Gaza"
"EAR","Early-demographic dividend","PSE","West Bank and Gaza"
"FCS","Fragile and conflict affected situations","PSE","West Bank and Gaza"
"LMC","Lower middle income","PSE","West Bank and Gaza"
"LMY","Low & middle income","PSE","West Bank and Gaza"
"MEA","Middle East & North Africa","PSE","West Bank and Gaza"
"MIC","Middle income","PSE","West Bank and Gaza"
"MNA","Middle East & North Africa (excluding high income)","PSE","West Bank and Gaza"
"WLD","World","PSE","West Bank and Gaza"
"ARB","Arab World","YEM","Yemen"
"EAR","Early-demographic dividend","YEM","Yemen"
"FCS","Fragile and conflict affected situations","YEM","Yemen"
"IBT","IDA & IBRD total","YEM","Yemen"
"IDA","IDA total","YEM","Yemen"
"IDX","IDA only","YEM","Yemen"
"LDC","Least developed countries: UN classification","YEM","Yemen"
"LIC","Low income","YEM","Yemen"
"LMY","Low & middle income","YEM","Yemen"
"MEA","Middle East & North Africa","YEM","Yemen"
"MNA","Middle East & North Africa (excluding high income)","YEM","Yemen"
"TMN","Middle East & North Africa (IDA & IBRD)","YEM","Yemen"
"WLD","World","YEM","Yemen"
"HPC","Heavily indebted poor countries (HIPC)","ZMB","Zambia"
"IBT","IDA & IBRD total","ZMB","Zambia"
"IDA","IDA total","ZMB","Zambia"
"IDX","IDA only","ZMB","Zambia"
"LDC","Least developed countries: UN classification","ZMB","Zambia"
"LMC","Lower middle income","ZMB","Zambia"
"LMY","Low & middle income","ZMB","Zambia"
"MIC","Middle income","ZMB","Zambia"
"PRE","Pre-demographic dividend","ZMB","Zambia"
"SSA","Sub-Saharan Africa (excluding high income)","ZMB","Zambia"
"SSF","Sub-Saharan Africa","ZMB","Zambia"
"TSS","Sub-Saharan Africa (IDA & IBRD)","ZMB","Zambia"
"WLD","World","ZMB","Zambia"
"EAR","Early-demographic dividend","ZWE","Zimbabwe"
"FCS","Fragile and conflict affected situations","ZWE","Zimbabwe"
"IBT","IDA & IBRD total","ZWE","Zimbabwe"
"IDA","IDA total","ZWE","Zimbabwe"
"IDB","IDA blend","ZWE","Zimbabwe"
"LMC","Lower middle income","ZWE","Zimbabwe"
"LMY","Low & middle income","ZWE","Zimbabwe"
"MIC","Middle income","ZWE","Zimbabwe"
"SSA","Sub-Saharan Africa (excluding high income)","ZWE","Zimbabwe"
"SSF","Sub-Saharan Africa","ZWE","Zimbabwe"
"TSS","Sub-Saharan Africa (IDA & IBRD)","ZWE","Zimbabwe"
"WLD","World","ZWE","Zimbabwe"
